timestamp,latitude,longitude,altitude,πλήθος δορυφόρων,Φορτίο Κινητήρα,Θερμοκρασία Ψυκτικού Υγρού Κινητήρα,Απόλυτη Πίεση Εισαγωγής,Στροφές κινητήρα,Ταχύτητα οχήματος,Αβάνς,Θερμοκρασία Αέρα Εισαγωγής,Θέση Πεταλούδας,battery_vdc
11/5/26 7:20,37.992145,24.016658,7,12,47.0,47.0,52.0,951.0,3.0,20.0,26.0,16.0,14154
11/5/26 7:21,37.992145,24.016658,0,12,,,,,,,,,12773
11/5/26 7:22,37.992112,24.016768,4,12,27.0,49.0,50.0,1583.0,20.0,41.0,26.0,19.0,13324
11/5/26 7:22,37.9921,24.016823,4,12,27.0,49.0,47.0,1604.0,20.0,20.0,26.0,18.0,13337
11/5/26 7:22,37.992095,24.016878,5,12,17.0,49.0,29.0,1691.0,21.0,35.0,26.0,17.0,13334
11/5/26 7:22,37.99201,24.017655,6,11,8.0,50.0,20.0,1518.0,19.0,255.0,26.0,12.0,13373
11/5/26 7:22,37.991998,24.01776,5,11,17.0,51.0,21.0,1291.0,16.0,13.0,27.0,15.0,13355
11/5/26 7:22,37.991968,24.017803,5,11,20.0,51.0,23.0,1229.0,15.0,13.0,27.0,15.0,13232
11/5/26 7:22,37.991937,24.017832,4,11,29.0,51.0,27.0,1037.0,13.0,9.0,27.0,15.0,13247
11/5/26 7:22,37.99188,24.017877,4,11,41.0,51.0,36.0,858.0,5.0,11.0,27.0,15.0,13240
11/5/26 7:22,37.991863,24.017902,3,11,41.0,51.0,35.0,826.0,0.0,18.0,27.0,15.0,13347
11/5/26 7:22,37.991855,24.017912,2,12,41.0,51.0,35.0,837.0,0.0,10.0,27.0,15.0,13129
11/5/26 7:22,37.99185,24.017915,2,12,41.0,51.0,35.0,837.0,0.0,10.0,27.0,15.0,12822
11/5/26 7:22,37.991852,24.017917,2,12,40.0,51.0,36.0,843.0,0.0,8.0,27.0,15.0,12708
11/5/26 7:22,37.991873,24.018037,2,12,4.0,52.0,24.0,1284.0,15.0,3.0,27.0,15.0,13418
11/5/26 7:22,37.991892,24.018082,2,12,42.0,52.0,68.0,1292.0,16.0,15.0,27.0,21.0,13396
11/5/26 7:22,37.991908,24.018128,1,12,36.0,52.0,50.0,1486.0,18.0,33.0,27.0,21.0,13081
11/5/26 7:22,37.992023,24.018813,0,12,38.0,53.0,35.0,846.0,21.0,4.0,27.0,15.0,13327
11/5/26 7:22,37.992047,24.019085,0,12,40.0,53.0,35.0,825.0,19.0,6.0,27.0,15.0,13255
11/5/26 7:22,37.992053,24.01939,3,12,24.0,54.0,29.0,1274.0,15.0,22.0,27.0,16.0,13376
11/5/26 7:23,37.992065,24.019492,3,12,34.0,54.0,41.0,1277.0,16.0,31.0,27.0,18.0,13292
11/5/26 7:23,37.992085,24.019527,3,12,34.0,54.0,39.0,1213.0,15.0,8.0,27.0,19.0,13299
11/5/26 7:23,37.992115,24.019543,3,12,57.0,54.0,94.0,1429.0,18.0,13.0,27.0,28.0,13299
11/5/26 7:23,37.992153,24.019543,3,12,48.0,54.0,87.0,1777.0,22.0,32.0,27.0,24.0,13352
11/5/26 7:23,37.992308,24.019487,1,12,52.0,54.0,97.0,1553.0,28.0,21.0,27.0,28.0,13364
11/5/26 7:23,37.992798,24.019333,1,12,7.0,55.0,17.0,1462.0,36.0,11.0,27.0,12.0,13347
11/5/26 7:23,37.993778,24.019083,-3,12,47.0,57.0,92.0,1628.0,39.0,30.0,27.0,25.0,13392
11/5/26 7:23,37.994683,24.018857,2,11,41.0,59.0,82.0,1827.0,44.0,36.0,26.0,23.0,13396
11/5/26 7:23,37.995673,24.018688,15,11,73.0,61.0,124.0,2094.0,50.0,12.0,27.0,36.0,13392
11/5/26 7:23,37.996612,24.018432,20,12,43.0,62.0,85.0,1835.0,55.0,35.0,26.0,23.0,13399
11/5/26 7:23,37.997528,24.018205,27,12,41.0,64.0,83.0,1774.0,53.0,32.0,27.0,23.0,13393
11/5/26 7:24,37.998435,24.018018,28,12,39.0,65.0,81.0,1794.0,54.0,35.0,27.0,23.0,13393
11/5/26 7:24,37.999407,24.01778,25,12,11.0,66.0,24.0,1035.0,41.0,243.0,27.0,14.0,13356
11/5/26 7:24,37.999665,24.017723,23,12,39.0,66.0,32.0,780.0,24.0,9.0,27.0,14.0,13245
11/5/26 7:24,37.999777,24.017728,22,12,43.0,66.0,32.0,902.0,21.0,9.0,27.0,17.0,13265
11/5/26 7:24,37.99981,24.01777,22,12,86.0,66.0,101.0,1225.0,22.0,10.0,27.0,39.0,13151
11/5/26 7:24,37.999825,24.017833,22,12,63.0,66.0,97.0,1436.0,26.0,15.0,27.0,25.0,13328
11/5/26 7:24,37.999823,24.018017,21,12,44.0,66.0,88.0,1815.0,33.0,34.0,27.0,23.0,13390
11/5/26 7:24,37.999858,24.018428,19,12,37.0,66.0,67.0,1498.0,36.0,32.0,26.0,21.0,13386
11/5/26 7:24,37.999858,24.01866,17,12,33.0,66.0,66.0,1605.0,38.0,35.0,26.0,20.0,13522
11/5/26 7:24,37.999777,24.019808,5,12,18.0,67.0,25.0,1796.0,43.0,33.0,27.0,16.0,13484
11/5/26 7:24,37.99974,24.020805,18,12,3.0,67.0,19.0,1309.0,31.0,241.0,27.0,14.0,13421
11/5/26 7:24,37.999765,24.020925,18,12,38.0,67.0,38.0,1128.0,27.0,23.0,27.0,18.0,13390
11/5/26 7:24,37.999765,24.020925,18,12,18.0,67.0,23.0,1131.0,27.0,4.0,27.0,14.0,13399
11/5/26 7:24,37.999793,24.020997,17,12,38.0,67.0,38.0,1128.0,27.0,23.0,27.0,18.0,13416
11/5/26 7:24,37.999843,24.021053,17,12,52.0,67.0,69.0,1156.0,28.0,22.0,27.0,21.0,13435
11/5/26 7:24,37.999907,24.021078,17,12,52.0,67.0,68.0,1186.0,28.0,23.0,27.0,21.0,13438
11/5/26 7:24,37.999972,24.021092,17,12,64.0,67.0,88.0,1241.0,30.0,17.0,27.0,23.0,13444
11/5/26 7:24,38.000045,24.021075,18,12,57.0,67.0,82.0,1311.0,31.0,21.0,27.0,23.0,13447
11/5/26 7:24,38.000312,24.021007,19,12,58.0,67.0,101.0,1609.0,39.0,18.0,27.0,26.0,13432
11/5/26 7:24,38.000415,24.020955,22,12,61.0,67.0,107.0,1693.0,41.0,18.0,27.0,27.0,13431
11/5/26 7:24,38.000793,24.020647,25,12,50.0,68.0,94.0,1959.0,47.0,30.0,27.0,25.0,13422
11/5/26 7:24,38.001177,24.020288,20,12,40.0,68.0,81.0,1506.0,45.0,30.0,26.0,22.0,13413
11/5/26 7:25,38.001543,24.019952,15,12,47.0,69.0,87.0,1434.0,43.0,26.0,27.0,23.0,13423
11/5/26 7:25,38.00233,24.019188,11,11,41.0,71.0,85.0,1504.0,45.0,29.0,27.0,22.0,13475
11/5/26 7:25,38.002773,24.018718,11,12,42.0,72.0,86.0,1469.0,44.0,29.0,27.0,22.0,13266
11/5/26 7:25,38.00286,24.018545,10,12,49.0,72.0,90.0,1471.0,44.0,24.0,27.0,24.0,13492
11/5/26 7:25,38.002915,24.018422,15,12,48.0,72.0,90.0,1482.0,44.0,20.0,27.0,23.0,13379
11/5/26 7:25,38.00297,24.01805,17,12,8.0,72.0,18.0,1373.0,41.0,1.0,27.0,13.0,13415
11/5/26 7:25,38.002983,24.016772,17,12,32.0,73.0,73.0,1634.0,49.0,36.0,27.0,19.0,13484
11/5/26 7:25,38.0029,24.015757,20,12,18.0,74.0,23.0,1444.0,43.0,26.0,27.0,16.0,13497
11/5/26 7:25,38.002968,24.015657,21,12,37.0,74.0,45.0,1416.0,42.0,32.0,27.0,20.0,13478
11/5/26 7:25,38.003583,24.014627,23,11,29.0,75.0,51.0,1520.0,45.0,40.0,27.0,19.0,13475
11/5/26 7:25,38.003757,24.014428,25,12,28.0,75.0,48.0,1563.0,47.0,41.0,27.0,18.0,13464
11/5/26 7:25,38.00408,24.014267,30,12,26.0,75.0,40.0,1694.0,51.0,40.0,27.0,18.0,13376
11/5/26 7:26,38.004935,24.013735,40,12,21.0,76.0,28.0,1639.0,49.0,35.0,27.0,17.0,13463
11/5/26 7:26,38.00517,24.013668,33,12,21.0,76.0,29.0,1588.0,48.0,35.0,27.0,17.0,13463
11/5/26 7:26,38.006158,24.013463,25,12,34.0,76.0,56.0,1716.0,51.0,37.0,27.0,21.0,13467
11/5/26 7:26,38.006768,24.013345,29,12,28.0,76.0,45.0,1691.0,51.0,41.0,27.0,19.0,13466
11/5/26 7:26,38.007775,24.013048,32,12,25.0,77.0,46.0,1707.0,51.0,41.0,27.0,18.0,13488
11/5/26 7:26,38.008287,24.0129,32,12,25.0,77.0,37.0,1657.0,50.0,39.0,27.0,18.0,13449
11/5/26 7:26,38.009302,24.0129,31,12,34.0,78.0,66.0,1686.0,50.0,36.0,27.0,21.0,13477
11/5/26 7:26,38.009907,24.013018,25,12,32.0,79.0,69.0,1637.0,49.0,35.0,27.0,21.0,13456
11/5/26 7:26,38.01088,24.013233,31,11,34.0,79.0,70.0,1599.0,48.0,34.0,26.0,21.0,13413
11/5/26 7:26,38.01131,24.013203,32,11,25.0,80.0,38.0,1564.0,47.0,39.0,26.0,18.0,13390
11/5/26 7:26,38.01155,24.01313,30,11,8.0,80.0,18.0,1564.0,47.0,14.0,26.0,14.0,13482
11/5/26 7:26,38.011752,24.013033,28,12,8.0,80.0,18.0,1582.0,47.0,15.0,27.0,14.0,13445
11/5/26 7:27,38.01253,24.012673,16,10,13.0,80.0,19.0,1310.0,39.0,13.0,27.0,14.0,13450
11/5/26 7:27,38.012827,24.012665,12,11,12.0,80.0,18.0,1345.0,40.0,13.0,27.0,13.0,13376
11/5/26 7:27,38.013328,24.012685,8,10,12.0,79.0,18.0,1343.0,40.0,13.0,27.0,13.0,13113
11/5/26 7:27,38.014167,24.012907,1,10,29.0,79.0,27.0,910.0,27.0,8.0,27.0,14.0,13427
11/5/26 7:27,38.01473,24.01328,-3,11,36.0,79.0,36.0,1141.0,34.0,27.0,27.0,17.0,13444
11/5/26 7:27,38.015148,24.013648,-3,12,20.0,79.0,25.0,1221.0,37.0,26.0,26.0,14.0,13457
11/5/26 7:27,38.015283,24.013812,-2,12,17.0,80.0,20.0,1223.0,37.0,14.0,26.0,14.0,13428
11/5/26 7:27,38.015458,24.013878,0,12,18.0,80.0,21.0,1187.0,35.0,13.0,26.0,14.0,13301
11/5/26 7:27,38.015748,24.01399,3,11,34.0,80.0,29.0,844.0,17.0,9.0,27.0,14.0,13378
11/5/26 7:27,38.01584,24.01402,5,11,36.0,80.0,30.0,792.0,7.0,8.0,27.0,14.0,13401
11/5/26 7:27,38.01592,24.014012,5,12,37.0,80.0,30.0,793.0,6.0,6.0,26.0,14.0,13323
11/5/26 7:27,38.015935,24.014002,5,12,34.0,80.0,30.0,896.0,6.0,11.0,27.0,14.0,13402
11/5/26 7:27,38.015952,24.013995,5,12,36.0,80.0,32.0,891.0,6.0,11.0,27.0,15.0,13423
11/5/26 7:27,38.015985,24.013925,3,12,25.0,80.0,29.0,1292.0,9.0,28.0,26.0,16.0,13457
11/5/26 7:27,38.01602,24.013835,0,12,38.0,80.0,53.0,1469.0,10.0,23.0,26.0,22.0,13421
11/5/26 7:28,38.016053,24.013612,0,12,50.0,80.0,93.0,1673.0,21.0,27.0,26.0,25.0,13371
11/5/26 7:28,38.016172,24.012413,6,12,31.0,82.0,57.0,1683.0,30.0,39.0,26.0,20.0,13466
11/5/26 7:28,38.016255,24.011942,13,12,36.0,83.0,71.0,1901.0,34.0,38.0,26.0,22.0,13456
11/5/26 7:28,38.016572,24.01121,21,11,24.0,84.0,36.0,1734.0,31.0,38.0,26.0,18.0,13475
11/5/26 7:28,38.016823,24.010202,15,12,12.0,84.0,18.0,2113.0,38.0,25.0,26.0,16.0,13487
11/5/26 7:28,38.016943,24.010028,13,12,16.0,84.0,21.0,1068.0,37.0,8.0,26.0,14.0,13452
11/5/26 7:28,38.01715,24.009822,12,12,35.0,83.0,29.0,795.0,26.0,8.0,26.0,14.0,13363
11/5/26 7:28,38.017305,24.009673,16,10,37.0,83.0,30.0,793.0,11.0,8.0,26.0,14.0,13303
11/5/26 7:28,38.01736,24.009625,18,10,39.0,83.0,30.0,784.0,7.0,8.0,26.0,14.0,13421
11/5/26 7:29,38.017595,24.009425,16,12,34.0,83.0,42.0,1319.0,24.0,32.0,26.0,18.0,13437
11/5/26 7:29,38.018388,24.008792,16,13,29.0,83.0,55.0,1526.0,27.0,38.0,26.0,19.0,13462
11/5/26 7:29,38.019182,24.008137,12,13,25.0,83.0,45.0,1476.0,27.0,21.0,26.0,18.0,13456
11/5/26 7:29,38.019685,24.007713,18,12,56.0,83.0,55.0,853.0,15.0,17.0,27.0,17.0,13395
11/5/26 7:30,38.020278,24.007168,26,13,28.0,83.0,26.0,915.0,23.0,8.0,26.0,14.0,13423
11/5/26 7:30,38.020318,24.007105,26,13,33.0,83.0,28.0,820.0,23.0,9.0,26.0,14.0,13422
11/5/26 7:30,38.020337,24.007042,25,13,34.0,84.0,29.0,804.0,22.0,7.0,26.0,14.0,13400
11/5/26 7:30,38.020333,24.006973,25,13,35.0,84.0,29.0,798.0,22.0,9.0,26.0,14.0,13362
11/5/26 7:30,38.020317,24.00691,25,13,35.0,84.0,29.0,802.0,21.0,8.0,26.0,14.0,13374
11/5/26 7:30,38.020238,24.006727,24,12,39.0,84.0,24.0,1090.0,20.0,26.0,26.0,15.0,13375
11/5/26 7:30,38.02015,24.006565,23,13,38.0,84.0,42.0,1177.0,21.0,29.0,26.0,18.0,13405
11/5/26 7:30,38.019902,24.00617,18,13,40.0,84.0,80.0,1636.0,29.0,33.0,27.0,23.0,13469
11/5/26 7:30,38.019772,24.005858,15,12,25.0,84.0,44.0,1423.0,33.0,29.0,27.0,21.0,13413
11/5/26 7:30,38.01938,24.004795,11,13,12.0,84.0,31.0,1525.0,38.0,2.0,27.0,14.0,13453
11/5/26 7:30,38.01921,24.004268,8,13,39.0,84.0,31.0,783.0,12.0,9.0,27.0,14.0,12613
11/5/26 7:30,38.01921,24.004115,8,12,36.0,84.0,31.0,799.0,9.0,8.0,27.0,14.0,13408
11/5/26 7:30,38.019208,24.004072,8,12,37.0,84.0,31.0,790.0,4.0,6.0,27.0,14.0,13165
11/5/26 7:30,38.019195,24.004047,8,12,36.0,84.0,30.0,766.0,0.0,8.0,27.0,14.0,13016
11/5/26 7:31,38.019112,24.004183,14,12,62.0,84.0,56.0,1479.0,2.0,32.0,27.0,19.0,13533
11/5/26 7:31,38.019083,24.004223,18,12,43.0,84.0,35.0,1027.0,7.0,25.0,27.0,16.0,13349
11/5/26 7:31,38.019087,24.004297,23,12,30.0,84.0,29.0,1163.0,8.0,27.0,27.0,16.0,13479
11/5/26 7:31,38.019097,24.004308,24,12,30.0,84.0,29.0,1163.0,8.0,27.0,27.0,16.0,13490
11/5/26 7:31,38.019112,24.004348,25,12,26.0,84.0,32.0,1492.0,10.0,36.0,27.0,17.0,13527
11/5/26 7:31,38.019148,24.00439,25,13,27.0,83.0,51.0,2062.0,14.0,43.0,27.0,20.0,13520
11/5/26 7:31,38.019182,24.004455,24,13,32.0,83.0,49.0,2305.0,16.0,43.0,27.0,23.0,13520
11/5/26 7:31,38.01926,24.004565,22,13,0.0,83.0,19.0,1420.0,19.0,26.0,27.0,14.0,13527
11/5/26 7:31,38.019345,24.004712,17,13,46.0,83.0,62.0,1172.0,21.0,24.0,27.0,20.0,13540
11/5/26 7:31,38.019413,24.00491,14,13,15.0,83.0,20.0,1374.0,25.0,241.0,27.0,13.0,13527
11/5/26 7:31,38.019572,24.005342,8,12,34.0,83.0,31.0,846.0,8.0,5.0,27.0,14.0,13497
11/5/26 7:31,38.019578,24.005378,7,12,34.0,83.0,31.0,827.0,7.0,4.0,27.0,14.0,13521
11/5/26 7:31,38.019585,24.00548,6,13,26.0,83.0,35.0,1285.0,9.0,6.0,27.0,18.0,13288
11/5/26 7:31,38.019588,24.005502,6,13,28.0,83.0,40.0,1491.0,10.0,22.0,27.0,18.0,13567
11/5/26 7:31,38.019588,24.005533,7,13,13.0,83.0,20.0,1116.0,11.0,13.0,27.0,14.0,13455
11/5/26 7:31,38.019607,24.005587,9,12,29.0,83.0,27.0,892.0,9.0,5.0,27.0,14.0,13286
11/5/26 7:31,38.019617,24.00561,10,12,34.0,83.0,29.0,795.0,3.0,7.0,28.0,14.0,13465
11/5/26 7:32,38.01965,24.005657,14,12,39.0,84.0,30.0,749.0,0.0,7.0,28.0,14.0,13479
11/5/26 7:32,38.019648,24.005693,20,13,23.0,84.0,29.0,1547.0,11.0,35.0,28.0,17.0,13553
11/5/26 7:32,38.019693,24.005797,23,13,30.0,84.0,27.0,862.0,0.0,11.0,28.0,14.0,13465
11/5/26 7:32,38.019743,24.005792,25,13,30.0,84.0,48.0,2302.0,16.0,42.0,28.0,22.0,13572
11/5/26 7:33,38.019788,24.00589,25,13,1.0,84.0,19.0,1873.0,18.0,28.0,28.0,14.0,13478
11/5/26 7:33,38.01985,24.006077,24,13,34.0,84.0,29.0,805.0,11.0,7.0,28.0,14.0,13441
11/5/26 7:33,38.019898,24.006155,18,13,36.0,84.0,29.0,762.0,1.0,8.0,28.0,14.0,13460
11/5/26 7:33,38.019953,24.006337,16,13,36.0,84.0,35.0,1227.0,9.0,16.0,28.0,18.0,13511
11/5/26 7:33,38.020045,24.006563,21,13,34.0,84.0,39.0,1239.0,15.0,29.0,28.0,18.0,13560
11/5/26 7:33,38.020142,24.006715,19,13,19.0,84.0,21.0,1149.0,17.0,13.0,28.0,14.0,13446
11/5/26 7:33,38.020182,24.006805,16,13,32.0,84.0,27.0,859.0,16.0,8.0,28.0,14.0,13527
11/5/26 7:33,38.020233,24.006925,14,13,35.0,84.0,29.0,803.0,15.0,7.0,28.0,14.0,13493
11/5/26 7:33,38.020262,24.007093,10,13,34.0,84.0,30.0,810.0,8.0,6.0,28.0,14.0,13473
11/5/26 7:33,38.020258,24.007123,9,13,34.0,84.0,30.0,808.0,9.0,6.0,28.0,14.0,13497
11/5/26 7:33,38.02024,24.007157,8,13,34.0,84.0,29.0,806.0,9.0,7.0,28.0,14.0,13532
11/5/26 7:33,38.020195,24.007227,7,13,36.0,84.0,29.0,794.0,11.0,7.0,29.0,14.0,13489
11/5/26 7:34,38.019948,24.007465,4,13,43.0,84.0,43.0,1087.0,19.0,24.0,29.0,18.0,13241
11/5/26 7:34,38.019158,24.008075,18,13,25.0,84.0,29.0,1298.0,23.0,29.0,29.0,16.0,13512
11/5/26 7:34,38.018425,24.008725,20,13,34.0,83.0,29.0,838.0,8.0,6.0,29.0,14.0,13490
11/5/26 7:34,38.018378,24.00874,20,13,36.0,83.0,29.0,758.0,0.0,7.0,29.0,14.0,13442
11/5/26 7:34,38.01839,24.008778,19,14,44.0,83.0,60.0,1196.0,15.0,9.0,29.0,20.0,13580
11/5/26 7:34,38.018393,24.008815,19,14,33.0,83.0,43.0,1359.0,17.0,33.0,29.0,18.0,13558
11/5/26 7:34,38.018412,24.00892,18,14,27.0,83.0,36.0,1549.0,19.0,30.0,28.0,18.0,13501
11/5/26 7:34,38.018552,24.009335,11,13,3.0,83.0,19.0,1347.0,24.0,1.0,28.0,13.0,13483
11/5/26 7:34,38.01861,24.009545,7,13,32.0,83.0,29.0,818.0,25.0,5.0,29.0,14.0,13345
11/5/26 7:35,38.018732,24.010023,2,13,36.0,84.0,30.0,794.0,12.0,7.0,29.0,14.0,13414
11/5/26 7:35,38.01876,24.010097,0,13,36.0,84.0,30.0,797.0,8.0,6.0,29.0,14.0,13424
11/5/26 7:35,38.01878,24.010122,0,13,37.0,84.0,65.0,1145.0,7.0,24.0,29.0,19.0,13372
11/5/26 7:35,38.01882,24.010143,-1,13,39.0,84.0,58.0,1589.0,11.0,24.0,29.0,22.0,13479
11/5/26 7:35,38.018867,24.01015,-2,13,17.0,84.0,37.0,2353.0,17.0,31.0,29.0,16.0,13564
11/5/26 7:35,38.0189,24.010133,-3,13,12.0,84.0,20.0,1564.0,17.0,27.0,29.0,14.0,13590
11/5/26 7:35,38.018937,24.010107,-4,13,23.0,84.0,26.0,1293.0,16.0,11.0,29.0,17.0,13553
11/5/26 7:35,38.018952,24.010078,-4,13,37.0,84.0,58.0,1360.0,17.0,23.0,29.0,20.0,13535
11/5/26 7:35,38.01909,24.009925,-9,14,41.0,84.0,82.0,1871.0,23.0,31.0,28.0,24.0,13517
11/5/26 7:35,38.019298,24.009735,-14,14,12.0,84.0,19.0,2303.0,31.0,27.0,28.0,15.0,13324
11/5/26 7:35,38.019865,24.009315,-3,13,37.0,84.0,30.0,791.0,13.0,7.0,29.0,14.0,13385
11/5/26 7:35,38.020032,24.009125,5,13,34.0,84.0,47.0,1413.0,17.0,34.0,29.0,19.0,13544
11/5/26 7:35,38.02012,24.009028,10,12,36.0,84.0,52.0,1365.0,17.0,31.0,29.0,20.0,13478
11/5/26 7:35,38.020233,24.00894,15,12,42.0,84.0,48.0,1159.0,14.0,25.0,29.0,19.0,13463
11/5/26 7:35,38.020305,24.008885,18,12,40.0,84.0,52.0,1188.0,15.0,25.0,29.0,18.0,13499
11/5/26 7:35,38.020645,24.008633,22,12,32.0,84.0,33.0,1104.0,14.0,26.0,29.0,16.0,13522
11/5/26 7:36,38.020747,24.008588,22,14,45.0,84.0,49.0,1078.0,13.0,25.0,29.0,18.0,13447
11/5/26 7:36,38.021063,24.008457,29,13,34.0,84.0,29.0,789.0,4.0,10.0,29.0,14.0,13490
11/5/26 7:36,38.021117,24.008363,17,14,26.0,84.0,40.0,1754.0,12.0,40.0,29.0,18.0,13566
11/5/26 7:36,38.021175,24.008363,17,14,23.0,84.0,33.0,1730.0,12.0,38.0,29.0,18.0,13568
11/5/26 7:36,38.021248,24.008392,17,14,13.0,84.0,18.0,1405.0,10.0,2.0,29.0,14.0,13511
11/5/26 7:36,38.021313,24.008432,17,14,27.0,84.0,24.0,1013.0,7.0,18.0,29.0,14.0,13422
11/5/26 7:36,38.02133,24.008432,17,14,42.0,83.0,29.0,836.0,6.0,23.0,30.0,15.0,13308
11/5/26 7:36,38.021377,24.008378,17,14,41.0,83.0,43.0,1100.0,8.0,27.0,30.0,17.0,13466
11/5/26 7:36,38.02137,24.00834,15,14,16.0,84.0,20.0,1258.0,8.0,26.0,30.0,14.0,13528
11/5/26 7:36,38.021355,24.008323,15,14,22.0,83.0,22.0,1070.0,8.0,15.0,30.0,14.0,13502
11/5/26 7:36,38.021313,24.008312,14,14,25.0,84.0,24.0,932.0,6.0,4.0,30.0,14.0,13305
11/5/26 7:37,38.021195,24.008342,9,14,43.0,84.0,82.0,2244.0,16.0,28.0,30.0,27.0,13582
11/5/26 7:37,38.020982,24.008358,7,14,20.0,83.0,22.0,1144.0,14.0,12.0,30.0,14.0,13434
11/5/26 7:37,38.020907,24.008393,6,14,49.0,83.0,57.0,1115.0,14.0,9.0,30.0,20.0,13388
11/5/26 7:37,38.02042,24.008742,4,13,18.0,83.0,24.0,2116.0,26.0,33.0,29.0,18.0,13473
11/5/26 7:37,38.020175,24.00893,6,14,0.0,83.0,17.0,1972.0,37.0,23.0,29.0,13.0,13421
11/5/26 7:37,38.019403,24.009523,9,14,23.0,84.0,40.0,1638.0,39.0,39.0,29.0,18.0,13468
11/5/26 7:37,38.018793,24.010133,6,14,8.0,84.0,19.0,1504.0,36.0,13.0,30.0,14.0,13388
11/5/26 7:37,38.018412,24.01069,7,14,17.0,84.0,21.0,1225.0,29.0,13.0,30.0,14.0,13432
11/5/26 7:37,38.01834,24.010732,6,14,20.0,84.0,22.0,1149.0,28.0,12.0,30.0,14.0,13416
11/5/26 7:37,38.018412,24.01069,7,14,17.0,84.0,21.0,1225.0,29.0,13.0,30.0,14.0,13423
11/5/26 7:37,38.018273,24.010725,4,14,27.0,84.0,24.0,1099.0,26.0,26.0,30.0,15.0,13414
11/5/26 7:37,38.018215,24.010682,3,14,30.0,84.0,29.0,1067.0,26.0,26.0,30.0,15.0,13314
11/5/26 7:37,38.018163,24.01062,3,13,32.0,84.0,29.0,1026.0,25.0,25.0,30.0,15.0,13347
11/5/26 7:37,38.018102,24.010478,1,14,37.0,84.0,30.0,976.0,23.0,24.0,30.0,15.0,13387
11/5/26 7:38,38.01803,24.010253,0,13,31.0,84.0,28.0,865.0,21.0,9.0,30.0,14.0,13419
11/5/26 7:38,38.017995,24.010125,0,14,33.0,84.0,29.0,820.0,19.0,7.0,31.0,14.0,13494
11/5/26 7:38,38.017932,24.009957,-2,14,34.0,84.0,29.0,804.0,16.0,6.0,31.0,14.0,13439
11/5/26 7:38,38.017917,24.009905,-2,14,34.0,84.0,30.0,795.0,15.0,7.0,31.0,14.0,13481
11/5/26 7:38,38.017882,24.00978,-4,14,34.0,84.0,29.0,800.0,11.0,7.0,31.0,14.0,13432
11/5/26 7:38,38.017865,24.009673,0,13,37.0,85.0,30.0,745.0,0.0,6.0,31.0,14.0,13427
11/5/26 7:38,38.017812,24.009622,16,13,45.0,84.0,69.0,1348.0,17.0,26.0,31.0,21.0,13561
11/5/26 7:39,38.017768,24.009487,14,12,29.0,84.0,47.0,1514.0,19.0,41.0,30.0,19.0,13543
11/5/26 7:39,38.017745,24.009432,14,13,28.0,84.0,58.0,1526.0,19.0,26.0,30.0,20.0,13557
11/5/26 7:39,38.017713,24.00939,13,13,28.0,84.0,58.0,1526.0,19.0,26.0,30.0,20.0,13563
11/5/26 7:39,38.017673,24.009367,13,14,36.0,84.0,69.0,1626.0,20.0,33.0,30.0,22.0,13570
11/5/26 7:39,38.017628,24.009363,12,14,32.0,84.0,67.0,1785.0,22.0,39.0,30.0,21.0,13581
11/5/26 7:39,38.017588,24.009387,12,14,12.0,84.0,24.0,1878.0,24.0,26.0,30.0,14.0,13577
11/5/26 7:39,38.017132,24.009727,13,14,50.0,85.0,96.0,2034.0,36.0,29.0,30.0,25.0,13460
11/5/26 7:39,38.016798,24.010073,15,14,50.0,85.0,93.0,1465.0,35.0,21.0,30.0,24.0,13447
11/5/26 7:39,38.016703,24.010257,16,13,33.0,86.0,70.0,1444.0,35.0,32.0,30.0,19.0,13437
11/5/26 7:39,38.016625,24.010685,17,14,36.0,86.0,46.0,1296.0,31.0,31.0,30.0,19.0,13436
11/5/26 7:39,38.016468,24.011353,19,14,32.0,86.0,44.0,1419.0,34.0,35.0,30.0,19.0,13428
11/5/26 7:39,38.01636,24.01153,18,13,24.0,86.0,34.0,1471.0,35.0,35.0,30.0,17.0,13446
11/5/26 7:39,38.016213,24.01166,18,13,26.0,85.0,36.0,1444.0,35.0,35.0,30.0,17.0,13439
11/5/26 7:39,38.016033,24.01174,17,13,31.0,85.0,40.0,1389.0,33.0,36.0,30.0,19.0,13426
11/5/26 7:39,38.01517,24.01207,17,14,18.0,83.0,22.0,1205.0,29.0,15.0,30.0,14.0,13413
11/5/26 7:39,38.014485,24.012188,18,13,8.0,84.0,19.0,1570.0,38.0,14.0,31.0,14.0,13448
11/5/26 7:40,38.014407,24.012238,19,13,5.0,84.0,20.0,1576.0,38.0,0.0,31.0,14.0,13451
11/5/26 7:40,38.014348,24.012308,19,13,0.0,84.0,20.0,1560.0,38.0,27.0,31.0,14.0,13453
11/5/26 7:40,38.014293,24.01237,17,13,0.0,83.0,19.0,1538.0,37.0,27.0,31.0,14.0,13447
11/5/26 7:40,38.014225,24.012622,18,13,0.0,83.0,19.0,1462.0,35.0,26.0,31.0,14.0,13434
11/5/26 7:40,38.014183,24.01275,18,14,12.0,83.0,16.0,1372.0,33.0,26.0,31.0,14.0,13427
11/5/26 7:40,38.014137,24.01287,18,14,70.0,83.0,105.0,1397.0,34.0,7.0,31.0,41.0,13443
11/5/26 7:40,38.014057,24.012933,17,14,69.0,83.0,107.0,1491.0,36.0,9.0,31.0,27.0,13444
11/5/26 7:40,38.013975,24.012948,18,13,61.0,83.0,105.0,1596.0,38.0,17.0,31.0,26.0,13451
11/5/26 7:40,38.013878,24.012927,17,14,56.0,83.0,103.0,1687.0,40.0,21.0,30.0,26.0,13447
11/5/26 7:40,38.013192,24.012633,17,14,72.0,84.0,98.0,1259.0,30.0,14.0,30.0,22.0,12897
11/5/26 7:40,38.01297,24.012567,19,12,74.0,84.0,114.0,1472.0,35.0,6.0,30.0,29.0,13284
11/5/26 7:40,38.012808,24.012543,17,12,65.0,84.0,110.0,1648.0,39.0,15.0,30.0,28.0,13460
11/5/26 7:40,38.01251,24.012603,13,12,51.0,85.0,98.0,1875.0,45.0,29.0,30.0,24.0,13364
11/5/26 7:40,38.012267,24.0127,9,12,44.0,85.0,87.0,1951.0,47.0,34.0,30.0,24.0,13429
11/5/26 7:40,38.011725,24.012992,3,11,43.0,85.0,85.0,2030.0,49.0,35.0,30.0,24.0,13483
11/5/26 7:40,38.011503,24.0131,3,11,24.0,85.0,31.0,1148.0,46.0,241.0,30.0,18.0,13372
11/5/26 7:40,38.010988,24.013252,5,11,14.0,85.0,20.0,1282.0,46.0,14.0,30.0,14.0,13381
11/5/26 7:40,38.010773,24.013248,4,10,15.0,85.0,20.0,1264.0,45.0,14.0,31.0,14.0,13373
11/5/26 7:40,38.009835,24.01295,0,12,37.0,85.0,45.0,1241.0,44.0,29.0,31.0,19.0,13446
11/5/26 7:40,38.009097,24.012838,1,12,38.0,84.0,56.0,1393.0,50.0,30.0,31.0,20.0,13467
11/5/26 7:41,38.008132,24.012857,25,13,32.0,84.0,55.0,1424.0,51.0,33.0,31.0,20.0,13448
11/5/26 7:41,38.00778,24.012942,27,13,36.0,84.0,58.0,1407.0,50.0,31.0,31.0,20.0,13029
11/5/26 7:41,38.006885,24.013177,31,12,40.0,84.0,75.0,1443.0,52.0,30.0,31.0,21.0,13401
11/5/26 7:41,38.006377,24.013372,29,13,34.0,84.0,72.0,1518.0,54.0,32.0,31.0,21.0,13360
11/5/26 7:41,38.005475,24.013572,23,11,40.0,84.0,68.0,1396.0,50.0,29.0,31.0,21.0,13478
11/5/26 7:41,38.004863,24.013712,19,12,38.0,84.0,66.0,1405.0,50.0,30.0,31.0,21.0,13369
11/5/26 7:41,38.004027,24.01415,25,12,38.0,84.0,62.0,1382.0,49.0,29.0,31.0,21.0,13352
11/5/26 7:41,38.003653,24.014455,25,13,44.0,84.0,70.0,1347.0,48.0,26.0,31.0,21.0,13313
11/5/26 7:41,38.003463,24.014673,27,13,42.0,84.0,67.0,1375.0,49.0,27.0,31.0,21.0,13463
11/5/26 7:41,38.003335,24.01492,25,13,29.0,84.0,45.0,1438.0,51.0,38.0,31.0,18.0,13259
11/5/26 7:41,38.003018,24.015607,18,13,26.0,84.0,45.0,1519.0,54.0,41.0,31.0,18.0,13487
11/5/26 7:41,38.002923,24.015752,18,13,27.0,84.0,45.0,1500.0,53.0,40.0,31.0,18.0,13493
11/5/26 7:41,38.002923,24.015752,18,13,26.0,84.0,45.0,1519.0,54.0,41.0,31.0,18.0,13511
11/5/26 7:41,38.00287,24.015918,16,13,27.0,84.0,45.0,1500.0,53.0,40.0,31.0,18.0,13416
11/5/26 7:41,38.002852,24.0161,17,13,27.0,84.0,46.0,1471.0,52.0,39.0,31.0,18.0,13124
11/5/26 7:41,38.002847,24.016265,16,13,10.0,83.0,21.0,1454.0,52.0,27.0,31.0,13.0,13027
11/5/26 7:41,38.002917,24.017037,16,12,21.0,83.0,23.0,1110.0,39.0,12.0,32.0,14.0,13347
11/5/26 7:42,38.002895,24.017907,14,11,57.0,83.0,60.0,954.0,34.0,18.0,32.0,19.0,13390
11/5/26 7:42,38.002782,24.018563,19,11,21.0,83.0,23.0,1123.0,40.0,23.0,32.0,14.0,13463
11/5/26 7:42,38.002672,24.018772,20,11,44.0,83.0,56.0,1151.0,41.0,23.0,32.0,19.0,13426
11/5/26 7:42,38.00241,24.019013,21,11,36.0,83.0,46.0,1259.0,45.0,29.0,32.0,18.0,13382
11/5/26 7:42,38.001608,24.019763,18,14,10.0,83.0,20.0,1452.0,52.0,26.0,32.0,13.0,13464
11/5/26 7:42,38.001108,24.020275,20,15,8.0,83.0,19.0,1511.0,54.0,12.0,32.0,14.0,13481
11/5/26 7:42,38.000762,24.020607,22,15,0.0,83.0,19.0,1419.0,51.0,25.0,32.0,12.0,13351
11/5/26 7:42,38.00045,24.02084,19,14,18.0,83.0,21.0,1190.0,42.0,13.0,33.0,14.0,13469
11/5/26 7:42,38.000147,24.02097,19,14,29.0,82.0,25.0,977.0,34.0,13.0,33.0,14.0,13353
11/5/26 7:42,37.99999,24.021033,20,15,32.0,82.0,28.0,884.0,26.0,8.0,33.0,14.0,13302
11/5/26 7:42,37.999922,24.021015,20,15,32.0,82.0,29.0,856.0,25.0,5.0,33.0,14.0,13189
11/5/26 7:42,37.999867,24.020978,20,15,60.0,82.0,45.0,1080.0,24.0,252.0,33.0,21.0,13218
11/5/26 7:42,37.999833,24.020927,19,14,80.0,82.0,107.0,1425.0,25.0,8.0,32.0,43.0,13000
11/5/26 7:42,37.999808,24.020853,18,14,72.0,82.0,115.0,1621.0,29.0,8.0,32.0,29.0,12892
11/5/26 7:42,37.999802,24.020763,17,13,62.0,82.0,108.0,1823.0,33.0,20.0,32.0,28.0,12916
11/5/26 7:42,37.999823,24.020557,16,13,33.0,83.0,74.0,2098.0,38.0,26.0,31.0,15.0,12954
11/5/26 7:42,37.99984,24.01932,10,14,36.0,84.0,76.0,1639.0,40.0,34.0,30.0,21.0,13472
11/5/26 7:43,37.999837,24.018102,28,15,0.0,84.0,17.0,1428.0,34.0,25.0,31.0,12.0,13323
11/5/26 7:43,37.99981,24.017897,30,15,22.0,84.0,23.0,1145.0,27.0,26.0,32.0,15.0,13195
11/5/26 7:43,37.999763,24.017725,31,14,59.0,84.0,80.0,1171.0,28.0,7.0,32.0,37.0,13297
11/5/26 7:43,37.999703,24.017702,30,15,93.0,84.0,112.0,1317.0,31.0,4.0,31.0,42.0,13394
11/5/26 7:43,37.999628,24.01771,31,15,73.0,84.0,112.0,1478.0,36.0,8.0,31.0,28.0,13409
11/5/26 7:43,37.999258,24.017805,32,15,38.0,84.0,76.0,1925.0,46.0,37.0,30.0,23.0,13432
11/5/26 7:43,37.998292,24.018042,24,15,31.0,84.0,29.0,806.0,48.0,6.0,31.0,14.0,13408
11/5/26 7:43,37.997338,24.018203,24,14,34.0,84.0,29.0,798.0,49.0,7.0,32.0,14.0,13397
11/5/26 7:43,37.996373,24.018437,21,14,34.0,84.0,29.0,795.0,50.0,8.0,32.0,14.0,13412
11/5/26 7:43,37.995378,24.018725,22,15,33.0,84.0,29.0,802.0,51.0,7.0,33.0,14.0,13385
11/5/26 7:43,37.994483,24.018928,24,14,32.0,84.0,28.0,797.0,52.0,8.0,33.0,14.0,13414
11/5/26 7:44,37.993558,24.0191,14,14,33.0,84.0,29.0,803.0,51.0,8.0,33.0,14.0,13404
11/5/26 7:44,37.992972,24.019265,10,14,33.0,84.0,29.0,807.0,35.0,6.0,33.0,14.0,13364
11/5/26 7:44,37.992358,24.019438,3,13,33.0,84.0,29.0,800.0,22.0,7.0,33.0,14.0,13397
11/5/26 7:44,37.992202,24.019457,1,13,32.0,84.0,29.0,811.0,18.0,5.0,33.0,14.0,13273
11/5/26 7:44,37.992158,24.019455,0,13,33.0,84.0,29.0,805.0,18.0,8.0,33.0,14.0,13290
11/5/26 7:44,37.992122,24.019443,0,13,24.0,84.0,33.0,902.0,17.0,11.0,33.0,14.0,13403
11/5/26 7:44,37.992092,24.019415,0,13,74.0,84.0,81.0,1069.0,19.0,17.0,33.0,21.0,13273
11/5/26 7:44,37.992082,24.019375,0,14,65.0,84.0,90.0,1248.0,22.0,16.0,32.0,23.0,13290
11/5/26 7:44,37.992082,24.019313,0,13,50.0,84.0,77.0,1414.0,25.0,12.0,32.0,23.0,13375
11/5/26 7:44,37.992083,24.019062,-1,14,32.0,84.0,35.0,1312.0,31.0,32.0,31.0,19.0,13412
11/5/26 7:44,37.991973,24.018425,-6,14,37.0,84.0,75.0,1670.0,40.0,35.0,30.0,21.0,13528
11/5/26 7:44,37.991823,24.01802,-13,15,33.0,83.0,64.0,1803.0,43.0,39.0,30.0,21.0,12910
11/5/26 7:44,37.991448,24.016873,-13,15,26.0,83.0,48.0,1982.0,48.0,44.0,30.0,19.0,13476
11/5/26 7:44,37.991263,24.016483,-14,15,18.0,83.0,25.0,1915.0,46.0,35.0,31.0,17.0,13404
11/5/26 7:44,37.991145,24.016317,-8,15,24.0,83.0,35.0,1907.0,46.0,40.0,31.0,18.0,13493
11/5/26 7:44,37.990477,24.015482,0,14,25.0,82.0,44.0,2043.0,49.0,42.0,30.0,19.0,13499
11/5/26 7:45,37.990198,24.015158,-2,14,24.0,82.0,35.0,2046.0,49.0,41.0,30.0,19.0,13396
11/5/26 7:45,37.989618,24.014845,0,14,21.0,83.0,30.0,2037.0,49.0,38.0,30.0,18.0,13464
11/5/26 7:45,37.988947,24.014455,-1,14,27.0,83.0,46.0,2075.0,50.0,44.0,30.0,20.0,13496
11/5/26 7:45,37.988137,24.013727,8,15,33.0,83.0,35.0,1711.0,51.0,38.0,31.0,19.0,13473
11/5/26 7:45,37.987795,24.013478,12,15,34.0,83.0,65.0,1791.0,54.0,39.0,30.0,21.0,13381
11/5/26 7:45,37.986917,24.013052,7,15,6.0,83.0,18.0,1776.0,53.0,13.0,30.0,14.0,13321
11/5/26 7:45,37.985967,24.012593,0,15,17.0,83.0,22.0,1570.0,47.0,25.0,31.0,16.0,13469
11/5/26 7:45,37.985072,24.012232,7,15,32.0,83.0,56.0,1489.0,45.0,37.0,31.0,20.0,13463
11/5/26 7:45,37.984337,24.011513,10,15,29.0,83.0,50.0,1590.0,48.0,41.0,31.0,19.0,13536
11/5/26 7:46,37.983587,24.010835,5,15,8.0,83.0,20.0,1234.0,37.0,245.0,32.0,14.0,13460
11/5/26 7:46,37.982762,24.010222,3,14,29.0,83.0,39.0,1392.0,42.0,35.0,31.0,18.0,13444
11/5/26 7:46,37.981928,24.009703,6,14,28.0,84.0,39.0,1427.0,43.0,36.0,31.0,18.0,13449
11/5/26 7:46,37.981062,24.009142,0,14,11.0,84.0,18.0,1358.0,41.0,12.0,31.0,13.0,13440
11/5/26 7:46,37.980187,24.008638,3,15,31.0,84.0,35.0,1214.0,36.0,28.0,32.0,17.0,13375
11/5/26 7:46,37.979558,24.00838,3,15,31.0,84.0,30.0,849.0,13.0,5.0,32.0,14.0,13392
11/5/26 7:46,37.9794,24.00831,3,15,38.0,84.0,47.0,1243.0,15.0,29.0,32.0,19.0,13397
11/5/26 7:46,37.979283,24.008238,2,13,26.0,84.0,44.0,1655.0,20.0,40.0,31.0,18.0,13420
11/5/26 7:47,37.979045,24.00819,0,14,31.0,84.0,28.0,853.0,20.0,6.0,32.0,14.0,13354
11/5/26 7:47,37.97856,24.008112,-2,14,29.0,84.0,28.0,967.0,23.0,24.0,32.0,14.0,13035
11/5/26 7:47,37.97843,24.008082,-4,14,32.0,84.0,29.0,803.0,0.0,7.0,32.0,14.0,13455
11/5/26 7:47,37.97837,24.008065,-2,15,19.0,84.0,25.0,1984.0,17.0,38.0,31.0,19.0,13581
11/5/26 7:47,37.978232,24.008087,-1,15,25.0,84.0,37.0,1849.0,23.0,40.0,31.0,18.0,12748
11/5/26 7:47,37.977885,24.008147,1,15,29.0,83.0,29.0,918.0,7.0,5.0,32.0,14.0,13264
11/5/26 7:47,37.977853,24.008168,2,15,31.0,83.0,28.0,839.0,3.0,9.0,32.0,14.0,13129
11/5/26 7:47,37.977858,24.00822,3,15,15.0,83.0,21.0,1474.0,11.0,25.0,32.0,12.0,13185
11/5/26 7:47,37.977905,24.008265,4,15,37.0,83.0,38.0,1131.0,14.0,27.0,32.0,17.0,13128
11/5/26 7:47,37.977967,24.008235,3,14,38.0,84.0,56.0,1348.0,17.0,28.0,32.0,20.0,13406
11/5/26 7:47,37.978048,24.008198,2,14,31.0,84.0,57.0,1674.0,21.0,40.0,31.0,20.0,13383
11/5/26 7:47,37.978152,24.008178,1,14,23.0,84.0,31.0,1728.0,21.0,37.0,31.0,18.0,13427
11/5/26 7:47,37.978492,24.008118,-1,14,22.0,84.0,22.0,1073.0,13.0,12.0,32.0,14.0,13333
11/5/26 7:47,37.978517,24.008072,-1,14,26.0,84.0,24.0,975.0,12.0,12.0,32.0,14.0,13383
11/5/26 7:47,37.978582,24.007958,-3,13,33.0,84.0,33.0,834.0,5.0,1.0,32.0,14.0,13329
11/5/26 7:48,37.978588,24.007888,15,15,23.0,85.0,26.0,1216.0,9.0,26.0,33.0,15.0,13518
11/5/26 7:49,37.97858,24.008113,9,14,30.0,85.0,50.0,1717.0,12.0,41.0,33.0,20.0,13580
11/5/26 7:49,37.978598,24.008123,9,14,29.0,85.0,52.0,2026.0,14.0,44.0,32.0,21.0,13583
11/5/26 7:49,37.97875,24.00816,10,14,35.0,85.0,51.0,1465.0,18.0,33.0,32.0,20.0,13534
11/5/26 7:49,37.979002,24.00817,10,14,2.0,85.0,19.0,1465.0,18.0,241.0,32.0,13.0,13491
11/5/26 7:49,37.979103,24.008145,10,15,40.0,85.0,36.0,1108.0,14.0,8.0,32.0,17.0,13500
11/5/26 7:49,37.979138,24.008118,9,15,39.0,85.0,45.0,1158.0,14.0,27.0,32.0,18.0,13528
11/5/26 7:49,37.979175,24.008045,10,15,33.0,86.0,39.0,1232.0,15.0,30.0,32.0,18.0,13512
11/5/26 7:49,37.979265,24.007728,10,15,36.0,86.0,30.0,881.0,11.0,18.0,32.0,15.0,13431
11/5/26 7:49,37.979253,24.007695,10,15,40.0,86.0,34.0,850.0,10.0,23.0,33.0,15.0,13431
11/5/26 7:49,37.979233,24.007677,10,15,45.0,86.0,39.0,882.0,11.0,23.0,33.0,16.0,13482
11/5/26 7:49,37.979213,24.007677,9,15,42.0,86.0,38.0,964.0,12.0,25.0,33.0,16.0,13511
11/5/26 7:49,37.979197,24.007703,9,15,42.0,86.0,40.0,1074.0,13.0,26.0,33.0,17.0,13518
11/5/26 7:49,37.979178,24.007728,10,15,35.0,86.0,38.0,1203.0,15.0,17.0,33.0,17.0,13537
11/5/26 7:49,37.979167,24.007765,10,15,17.0,86.0,23.0,1205.0,16.0,14.0,33.0,14.0,13451
11/5/26 7:49,37.979105,24.008097,8,14,30.0,86.0,29.0,805.0,10.0,5.0,33.0,14.0,13479
11/5/26 7:49,37.979107,24.00816,8,14,30.0,86.0,29.0,773.0,0.0,6.0,33.0,14.0,13472
11/5/26 7:49,37.979088,24.008173,5,14,30.0,86.0,46.0,1697.0,12.0,41.0,33.0,20.0,13559
11/5/26 7:49,37.979063,24.008185,6,14,28.0,86.0,51.0,1975.0,14.0,43.0,33.0,20.0,13581
11/5/26 7:49,37.978995,24.008175,5,15,63.0,86.0,106.0,1594.0,20.0,11.0,32.0,28.0,13568
11/5/26 7:49,37.978833,24.008133,4,13,9.0,86.0,18.0,1880.0,29.0,8.0,32.0,14.0,13487
11/5/26 7:50,37.978563,24.008125,4,14,25.0,86.0,35.0,1648.0,30.0,38.0,32.0,18.0,13461
11/5/26 7:50,37.978132,24.008128,3,13,32.0,86.0,29.0,838.0,24.0,5.0,33.0,14.0,13378
11/5/26 7:50,37.977962,24.008165,3,14,33.0,87.0,30.0,804.0,13.0,6.0,33.0,14.0,13373
11/5/26 7:50,37.977887,24.008187,3,15,34.0,87.0,29.0,796.0,9.0,6.0,33.0,14.0,13375
11/5/26 7:50,37.977843,24.00821,4,14,36.0,87.0,29.0,742.0,0.0,9.0,33.0,14.0,12925
11/5/26 7:50,37.977887,24.008245,-2,14,38.0,85.0,37.0,1097.0,8.0,27.0,33.0,17.0,13512
11/5/26 7:50,37.9779,24.008267,-3,14,24.0,85.0,28.0,1243.0,9.0,27.0,33.0,16.0,13535
11/5/26 7:50,37.977915,24.008292,-3,15,24.0,85.0,28.0,1273.0,9.0,28.0,33.0,16.0,13525
11/5/26 7:50,37.977917,24.008318,-3,15,24.0,85.0,26.0,1302.0,9.0,24.0,33.0,16.0,13429
11/5/26 7:50,37.977903,24.008387,-2,14,18.0,85.0,23.0,1195.0,8.0,20.0,33.0,14.0,13485
11/5/26 7:50,37.977888,24.00845,-1,14,25.0,85.0,25.0,966.0,7.0,11.0,33.0,14.0,13360
11/5/26 7:50,37.97789,24.00849,0,13,38.0,86.0,31.0,804.0,6.0,13.0,34.0,14.0,13440
11/5/26 7:50,37.977888,24.008477,-1,13,41.0,86.0,32.0,772.0,5.0,9.0,34.0,14.0,13433
11/5/26 7:50,37.977895,24.008378,-1,13,40.0,86.0,33.0,782.0,6.0,8.0,34.0,15.0,13510
11/5/26 7:50,37.977917,24.008332,0,13,40.0,86.0,34.0,784.0,6.0,9.0,34.0,15.0,13413
11/5/26 7:51,37.97789,24.008287,0,13,44.0,86.0,39.0,832.0,2.0,21.0,34.0,15.0,13338
11/5/26 7:51,37.977935,24.00821,3,14,29.0,87.0,49.0,1737.0,12.0,43.0,33.0,19.0,13568
11/5/26 7:51,37.977908,24.00819,4,14,22.0,87.0,33.0,1880.0,13.0,38.0,33.0,18.0,13558
11/5/26 7:51,37.977878,24.008172,4,14,21.0,87.0,28.0,1924.0,13.0,37.0,33.0,18.0,13406
11/5/26 7:51,37.977855,24.008152,5,14,24.0,88.0,33.0,1941.0,14.0,39.0,33.0,18.0,13313
11/5/26 7:51,37.977843,24.008118,6,13,24.0,88.0,35.0,2061.0,14.0,41.0,33.0,19.0,13481
11/5/26 7:51,37.977828,24.00804,8,14,10.0,88.0,19.0,1161.0,14.0,255.0,33.0,14.0,13227
11/5/26 7:51,37.977805,24.007923,10,14,33.0,88.0,29.0,813.0,5.0,8.0,33.0,14.0,13075
11/5/26 7:51,37.977803,24.00788,9,14,33.0,88.0,29.0,760.0,0.0,6.0,33.0,14.0,13506
11/5/26 7:51,37.97776,24.007873,6,14,34.0,89.0,47.0,1291.0,3.0,30.0,34.0,17.0,13484
11/5/26 7:51,37.977673,24.007807,8,14,17.0,89.0,23.0,1153.0,8.0,16.0,34.0,14.0,13540
11/5/26 7:51,37.97759,24.007812,10,14,26.0,89.0,30.0,1234.0,9.0,28.0,34.0,16.0,13513
11/5/26 7:51,37.977552,24.007855,11,13,23.0,89.0,23.0,1062.0,7.0,12.0,34.0,14.0,13533
11/5/26 7:52,37.977495,24.00789,12,12,35.0,89.0,30.0,803.0,6.0,7.0,34.0,14.0,13488
11/5/26 7:52,37.977353,24.007822,15,14,25.0,90.0,26.0,1251.0,9.0,27.0,34.0,16.0,13503
11/5/26 7:52,37.977295,24.007822,15,14,24.0,90.0,25.0,1229.0,9.0,23.0,34.0,15.0,13511
11/5/26 7:52,37.977262,24.007823,15,14,22.0,90.0,26.0,1258.0,9.0,27.0,34.0,15.0,13492
11/5/26 7:52,37.977202,24.007808,17,14,29.0,90.0,36.0,1410.0,10.0,33.0,34.0,18.0,13521
11/5/26 7:52,37.977188,24.007817,18,14,25.0,90.0,35.0,1561.0,11.0,37.0,34.0,17.0,13550
11/5/26 7:52,37.97716,24.007815,18,14,23.0,90.0,33.0,1644.0,11.0,36.0,34.0,17.0,13574
11/5/26 7:52,37.977003,24.00778,20,14,20.0,91.0,27.0,1649.0,12.0,34.0,34.0,16.0,13589
11/5/26 7:52,37.976948,24.007777,19,14,16.0,91.0,22.0,1575.0,11.0,29.0,34.0,15.0,13453
11/5/26 7:52,37.976928,24.007795,19,13,10.0,91.0,19.0,1463.0,10.0,6.0,34.0,13.0,13423
11/5/26 7:52,37.97689,24.007795,18,13,33.0,91.0,26.0,936.0,6.0,21.0,34.0,14.0,13343
11/5/26 7:52,37.976835,24.007832,17,13,42.0,91.0,32.0,770.0,6.0,12.0,34.0,14.0,13435
11/5/26 7:52,37.976675,24.007932,14,14,31.0,91.0,31.0,834.0,4.0,1.0,35.0,14.0,13493
11/5/26 7:53,37.976718,24.008067,11,13,,,,,,,,,12642
11/5/26 7:53,37.976718,24.008067,11,13,,,,,,,,,12642
11/5/26 8:07,37.976718,24.008067,6,12,43.0,81.0,32.0,1427.0,3.0,21.0,35.0,15.0,13281
11/5/26 8:08,37.976732,24.008118,0,13,29.0,82.0,27.0,897.0,12.0,8.0,34.0,14.0,13321
11/5/26 8:08,37.976732,24.008118,0,13,29.0,82.0,27.0,897.0,12.0,8.0,34.0,14.0,13322
11/5/26 8:08,37.976728,24.008158,-1,13,34.0,83.0,29.0,820.0,10.0,8.0,34.0,14.0,13294
11/5/26 8:08,37.976727,24.008213,-3,12,35.0,83.0,30.0,804.0,6.0,6.0,34.0,14.0,13237
11/5/26 8:08,37.976727,24.008233,-4,12,34.0,83.0,30.0,791.0,4.0,7.0,34.0,14.0,13234
11/5/26 8:08,37.976728,24.008252,-5,11,35.0,83.0,30.0,774.0,4.0,7.0,34.0,14.0,13211
11/5/26 8:08,37.976728,24.00827,-6,11,36.0,83.0,30.0,746.0,3.0,9.0,34.0,14.0,13205
11/5/26 8:08,37.97694,24.008263,-11,11,32.0,84.0,28.0,835.0,16.0,9.0,34.0,14.0,13334
11/5/26 8:08,37.97724,24.008288,-15,12,34.0,85.0,30.0,802.0,12.0,6.0,34.0,14.0,13302
11/5/26 8:08,37.977307,24.008272,-15,12,34.0,85.0,29.0,805.0,10.0,5.0,34.0,14.0,13081
11/5/26 8:08,37.977393,24.008292,-14,12,33.0,85.0,30.0,807.0,5.0,6.0,34.0,14.0,13231
11/5/26 8:08,37.977403,24.0083,-14,12,32.0,85.0,29.0,789.0,4.0,4.0,34.0,14.0,13265
11/5/26 8:08,37.977405,24.008312,-14,11,34.0,85.0,29.0,748.0,1.0,7.0,34.0,14.0,13258
11/5/26 8:08,37.977412,24.008315,-13,12,37.0,85.0,30.0,744.0,0.0,7.0,34.0,14.0,13217
11/5/26 8:08,37.977588,24.008348,-11,10,32.0,85.0,65.0,1909.0,24.0,40.0,33.0,21.0,13381
11/5/26 8:08,37.977735,24.008317,-11,11,12.0,85.0,19.0,1738.0,25.0,27.0,32.0,14.0,13361
11/5/26 8:09,37.978077,24.008188,-7,11,34.0,85.0,29.0,797.0,23.0,6.0,33.0,14.0,13333
11/5/26 8:09,37.978312,24.008155,-6,13,47.0,85.0,65.0,1075.0,20.0,249.0,33.0,19.0,13276
11/5/26 8:09,37.978803,24.008172,0,13,9.0,84.0,16.0,1414.0,25.0,12.0,32.0,12.0,13380
11/5/26 8:09,37.979253,24.008302,7,13,32.0,83.0,29.0,822.0,1.0,6.0,33.0,14.0,13305
11/5/26 8:10,37.979612,24.008432,7,13,23.0,84.0,24.0,1157.0,14.0,26.0,33.0,14.0,13327
11/5/26 8:10,37.98014,24.008668,7,14,20.0,84.0,23.0,1112.0,14.0,12.0,33.0,14.0,13327
11/5/26 8:10,37.980465,24.00886,5,14,57.0,84.0,53.0,884.0,11.0,17.0,33.0,19.0,13377
11/5/26 8:10,37.980678,24.008962,2,14,23.0,84.0,41.0,1670.0,21.0,38.0,33.0,18.0,13453
11/5/26 8:11,37.981502,24.009465,5,14,22.0,83.0,30.0,1354.0,24.0,30.0,32.0,16.0,13427
11/5/26 8:11,37.982268,24.00993,4,13,10.0,83.0,16.0,1395.0,33.0,12.0,32.0,12.0,13453
11/5/26 8:11,37.983065,24.010467,3,14,30.0,83.0,55.0,1499.0,36.0,38.0,32.0,19.0,13456
11/5/26 8:11,37.983842,24.011173,4,14,22.0,84.0,30.0,1589.0,38.0,36.0,32.0,17.0,13461
11/5/26 8:12,37.984643,24.011892,3,14,34.0,83.0,30.0,808.0,31.0,6.0,33.0,14.0,13313
11/5/26 8:12,37.984935,24.012147,3,14,35.0,84.0,30.0,800.0,11.0,6.0,33.0,14.0,13072
11/5/26 8:12,37.984993,24.012225,0,14,56.0,84.0,61.0,1071.0,8.0,17.0,33.0,18.0,13128
11/5/26 8:12,37.985012,24.012227,-2,14,22.0,84.0,29.0,1430.0,10.0,31.0,33.0,16.0,13139
11/5/26 8:12,37.985028,24.01224,-1,14,30.0,84.0,41.0,1539.0,11.0,38.0,33.0,19.0,13227
11/5/26 8:12,37.985048,24.012253,-1,14,20.0,83.0,41.0,1709.0,12.0,36.0,33.0,15.0,13279
11/5/26 8:12,37.985067,24.012272,0,14,11.0,83.0,20.0,1232.0,12.0,17.0,33.0,14.0,13041
11/5/26 8:12,37.985138,24.012372,-1,14,33.0,83.0,30.0,806.0,2.0,7.0,33.0,14.0,13066
11/5/26 8:12,37.985267,24.012465,7,14,24.0,83.0,36.0,1702.0,12.0,38.0,33.0,18.0,13376
11/5/26 8:12,37.985297,24.012513,8,14,16.0,83.0,24.0,1725.0,12.0,31.0,33.0,16.0,13485
11/5/26 8:12,37.985383,24.012648,6,14,22.0,83.0,30.0,1795.0,12.0,37.0,32.0,18.0,13467
11/5/26 8:13,37.986063,24.01343,9,14,24.0,82.0,32.0,1430.0,18.0,33.0,32.0,17.0,13423
11/5/26 8:13,37.986585,24.014037,11,14,14.0,83.0,20.0,1573.0,19.0,27.0,32.0,14.0,13457
11/5/26 8:13,37.986692,24.014232,7,15,23.0,83.0,29.0,1320.0,16.0,14.0,32.0,16.0,13419
11/5/26 8:13,37.986735,24.014315,7,15,30.0,83.0,39.0,1399.0,17.0,35.0,32.0,18.0,13443
11/5/26 8:13,37.986977,24.014638,7,15,23.0,83.0,33.0,1537.0,19.0,36.0,32.0,17.0,13460
11/5/26 8:13,37.987215,24.015017,5,15,32.0,83.0,66.0,1689.0,21.0,38.0,32.0,20.0,12824
11/5/26 8:14,37.98728,24.015215,4,15,27.0,83.0,43.0,1879.0,23.0,42.0,32.0,19.0,12831
11/5/26 8:14,37.987423,24.016265,-1,15,29.0,83.0,27.0,882.0,9.0,8.0,32.0,14.0,13373
11/5/26 8:14,37.987413,24.0163,-1,15,33.0,83.0,29.0,826.0,9.0,6.0,32.0,14.0,13370
11/5/26 8:14,37.98743,24.016492,-2,15,41.0,83.0,32.0,785.0,6.0,5.0,33.0,14.0,13445
11/5/26 8:14,37.987453,24.016495,-3,15,37.0,83.0,32.0,776.0,5.0,17.0,33.0,14.0,13409
11/5/26 8:14,37.987482,24.016452,-4,15,46.0,83.0,42.0,839.0,6.0,22.0,33.0,16.0,13354
11/5/26 8:14,37.987498,24.016417,-3,15,51.0,83.0,52.0,1070.0,7.0,11.0,32.0,19.0,13512
11/5/26 8:14,37.987497,24.016328,-3,15,25.0,83.0,32.0,1492.0,10.0,35.0,32.0,17.0,13506
11/5/26 8:15,37.987327,24.015202,0,15,18.0,83.0,21.0,1228.0,15.0,26.0,32.0,14.0,13527
11/5/26 8:15,37.98724,24.014903,3,14,26.0,83.0,29.0,1194.0,15.0,27.0,32.0,16.0,13541
11/5/26 8:15,37.98714,24.014743,4,15,25.0,83.0,28.0,1209.0,15.0,27.0,32.0,16.0,13495
11/5/26 8:15,37.98705,24.014635,5,15,25.0,83.0,25.0,1145.0,14.0,26.0,32.0,15.0,13500
11/5/26 8:16,37.98705,24.014635,6,15,39.0,84.0,30.0,771.0,10.0,13.0,33.0,15.0,13447
11/5/26 8:16,37.985735,24.01301,6,15,51.0,84.0,51.0,988.0,12.0,23.0,33.0,18.0,13481
11/5/26 8:16,37.98573,24.012987,5,15,45.0,84.0,44.0,1038.0,13.0,26.0,33.0,17.0,13496
11/5/26 8:16,37.985733,24.012958,5,15,41.0,84.0,40.0,1077.0,13.0,26.0,33.0,17.0,13472
11/5/26 8:16,37.985747,24.012927,5,15,37.0,84.0,37.0,1097.0,14.0,27.0,32.0,17.0,13476
11/5/26 8:16,37.98585,24.012623,1,15,66.0,85.0,62.0,839.0,3.0,248.0,33.0,19.0,13517
11/5/26 8:16,37.985893,24.01244,2,15,27.0,85.0,24.0,995.0,7.0,18.0,32.0,14.0,13504
11/5/26 8:16,37.986058,24.012417,5,15,35.0,85.0,29.0,967.0,7.0,24.0,33.0,15.0,13506
11/5/26 8:16,37.986068,24.012398,5,15,34.0,85.0,28.0,992.0,7.0,25.0,33.0,15.0,13489
11/5/26 8:16,37.986073,24.01238,6,15,31.0,85.0,27.0,1030.0,7.0,25.0,33.0,15.0,13463
11/5/26 8:16,37.98607,24.012355,7,15,28.0,85.0,26.0,1059.0,7.0,25.0,33.0,14.0,13115
11/5/26 8:16,37.986058,24.012333,7,15,28.0,85.0,26.0,1064.0,7.0,25.0,33.0,14.0,13297
11/5/26 8:16,37.986042,24.012323,7,15,30.0,85.0,27.0,1019.0,7.0,25.0,33.0,15.0,13465
11/5/26 8:17,37.986025,24.012322,8,15,32.0,85.0,29.0,994.0,7.0,25.0,33.0,15.0,13348
11/5/26 8:17,37.98599,24.012335,9,15,32.0,85.0,27.0,851.0,6.0,11.0,33.0,14.0,13213
11/5/26 8:17,37.986008,24.012323,9,15,25.0,85.0,25.0,974.0,7.0,3.0,33.0,14.0,13345
11/5/26 8:18,37.985817,24.01254,15,15,20.0,86.0,22.0,1117.0,8.0,12.0,33.0,14.0,13515
11/5/26 8:18,37.985797,24.012592,15,15,34.0,86.0,29.0,834.0,6.0,13.0,34.0,14.0,13474
11/5/26 8:19,37.98577,24.01261,14,15,,,,,,,,,12643
11/5/26 8:19,37.98577,24.01261,14,15,,,,,,,,,12641
11/5/26 9:19,37.98577,24.01261,0,0,,,,,,,,,12728
11/5/26 9:44,37.98577,24.01261,0,0,,,,,,,,,12469
11/5/26 9:45,37.985787,24.012825,2,6,39.0,52.0,33.0,829.0,12.0,8.0,29.0,15.0,13296
11/5/26 9:45,37.985787,24.012825,2,6,39.0,52.0,33.0,829.0,12.0,8.0,29.0,15.0,13296
11/5/26 9:45,37.985775,24.012862,2,8,38.0,53.0,33.0,836.0,3.0,6.0,30.0,15.0,13288
11/5/26 9:45,37.985768,24.012878,1,8,38.0,53.0,33.0,837.0,2.0,6.0,30.0,15.0,12354
11/5/26 9:45,37.985758,24.012897,1,8,38.0,53.0,33.0,835.0,2.0,7.0,30.0,15.0,12807
11/5/26 9:45,37.985752,24.012918,1,8,38.0,53.0,33.0,843.0,2.0,7.0,30.0,15.0,13024
11/5/26 9:45,37.985748,24.012928,0,8,38.0,53.0,33.0,836.0,3.0,7.0,30.0,15.0,13226
11/5/26 9:45,37.985813,24.013162,-3,8,14.0,55.0,23.0,1909.0,14.0,30.0,29.0,14.0,13391
11/5/26 9:45,37.985963,24.01336,0,8,36.0,56.0,36.0,1185.0,14.0,16.0,29.0,17.0,13407
11/5/26 9:45,37.985992,24.013393,0,8,32.0,56.0,35.0,1197.0,15.0,28.0,29.0,17.0,13344
11/5/26 9:45,37.986053,24.013483,-1,9,29.0,56.0,25.0,1005.0,12.0,10.0,30.0,14.0,13308
11/5/26 9:45,37.98608,24.013523,-4,9,36.0,57.0,29.0,855.0,11.0,12.0,30.0,14.0,13373
11/5/26 9:45,37.986095,24.013552,-7,9,50.0,57.0,47.0,882.0,11.0,21.0,30.0,17.0,13375
11/5/26 9:45,37.986103,24.013565,-9,9,45.0,57.0,40.0,946.0,12.0,23.0,30.0,16.0,13469
11/5/26 9:45,37.986125,24.01359,-6,9,51.0,57.0,41.0,986.0,12.0,22.0,30.0,18.0,13431
11/5/26 9:45,37.986163,24.013642,-9,9,36.0,57.0,38.0,1170.0,14.0,27.0,30.0,17.0,13372
11/5/26 9:45,37.986298,24.013788,-15,9,40.0,58.0,47.0,1229.0,15.0,14.0,30.0,20.0,13455
11/5/26 9:45,37.986332,24.013797,-16,9,40.0,58.0,58.0,1319.0,16.0,28.0,30.0,20.0,13481
11/5/26 9:45,37.98637,24.013782,-17,9,36.0,58.0,54.0,1357.0,17.0,16.0,29.0,22.0,13330
11/5/26 9:45,37.986398,24.013743,-19,9,43.0,58.0,76.0,1502.0,18.0,29.0,29.0,23.0,13220
11/5/26 9:45,37.98646,24.013647,-21,9,33.0,58.0,64.0,1703.0,21.0,38.0,29.0,21.0,13444
11/5/26 9:46,37.986663,24.013033,-26,9,40.0,59.0,34.0,789.0,9.0,7.0,29.0,14.0,13374
11/5/26 9:46,37.986668,24.013002,-26,9,69.0,60.0,37.0,810.0,9.0,6.0,30.0,30.0,13396
11/5/26 9:46,37.986662,24.012975,-26,9,73.0,60.0,86.0,1091.0,13.0,15.0,29.0,21.0,13423
11/5/26 9:46,37.98666,24.012943,-26,9,36.0,60.0,76.0,1353.0,16.0,6.0,30.0,23.0,13339
11/5/26 9:46,37.986643,24.012912,-26,9,62.0,60.0,114.0,1703.0,21.0,12.0,30.0,36.0,13409
11/5/26 9:46,37.98658,24.012842,-27,9,3.0,60.0,20.0,1407.0,25.0,11.0,30.0,13.0,13431
11/5/26 9:46,37.986475,24.012773,-27,9,22.0,61.0,23.0,1297.0,23.0,28.0,29.0,16.0,13441
11/5/26 9:46,37.985783,24.012442,-19,9,34.0,62.0,42.0,1371.0,25.0,33.0,30.0,19.0,13450
11/5/26 9:46,37.985188,24.01224,10,8,34.0,63.0,43.0,1348.0,32.0,34.0,29.0,18.0,13457
11/5/26 9:46,37.984912,24.012042,19,8,12.0,63.0,19.0,1349.0,32.0,18.0,29.0,13.0,13357
11/5/26 9:46,37.984165,24.011328,36,8,39.0,65.0,32.0,789.0,13.0,7.0,30.0,14.0,13391
11/5/26 9:46,37.984112,24.011293,39,8,39.0,65.0,33.0,795.0,6.0,7.0,30.0,14.0,13311
11/5/26 9:46,37.984088,24.011293,42,8,39.0,65.0,33.0,784.0,1.0,7.0,30.0,14.0,12895
11/5/26 9:47,37.984017,24.011207,34,9,16.0,65.0,23.0,1126.0,12.0,12.0,30.0,14.0,13451
11/5/26 9:47,37.983992,24.01119,33,9,29.0,66.0,28.0,932.0,11.0,8.0,30.0,14.0,13432
11/5/26 9:47,37.983968,24.011175,32,9,33.0,66.0,30.0,851.0,11.0,22.0,30.0,15.0,13353
11/5/26 9:47,37.983827,24.011038,26,9,40.0,66.0,80.0,1748.0,22.0,30.0,30.0,23.0,13509
11/5/26 9:47,37.983737,24.010938,23,9,38.0,66.0,74.0,2179.0,27.0,39.0,30.0,24.0,13485
11/5/26 9:47,37.983308,24.010568,13,10,36.0,67.0,31.0,792.0,19.0,7.0,30.0,14.0,13413
11/5/26 9:47,37.98248,24.010003,-1,10,30.0,68.0,31.0,1155.0,28.0,23.0,29.0,16.0,13391
11/5/26 9:47,37.98162,24.009498,3,9,36.0,69.0,51.0,1382.0,33.0,31.0,30.0,19.0,13450
11/5/26 9:48,37.981017,24.009115,4,9,29.0,70.0,43.0,1435.0,35.0,38.0,30.0,18.0,13455
11/5/26 9:48,37.980853,24.009013,3,9,29.0,70.0,43.0,1436.0,35.0,37.0,30.0,18.0,13447
11/5/26 9:48,37.98001,24.00859,2,10,14.0,72.0,20.0,1291.0,31.0,23.0,30.0,14.0,13420
11/5/26 9:48,37.979103,24.008218,2,10,24.0,73.0,24.0,1032.0,25.0,10.0,30.0,14.0,13397
11/5/26 9:48,37.978792,24.00814,4,10,35.0,73.0,29.0,986.0,24.0,25.0,30.0,15.0,13422
11/5/26 9:48,37.97855,24.00813,11,9,34.0,73.0,30.0,843.0,23.0,8.0,30.0,14.0,13336
11/5/26 9:48,37.97817,24.008122,16,9,37.0,73.0,31.0,802.0,22.0,6.0,30.0,14.0,13430
11/5/26 9:48,37.978052,24.008127,15,9,36.0,73.0,31.0,803.0,21.0,7.0,30.0,14.0,13396
11/5/26 9:48,37.977912,24.008182,13,9,36.0,73.0,30.0,795.0,19.0,6.0,30.0,14.0,13211
11/5/26 9:48,37.977727,24.008263,10,9,57.0,74.0,62.0,904.0,16.0,17.0,30.0,18.0,13244
11/5/26 9:49,37.977652,24.008247,9,9,47.0,74.0,45.0,1030.0,18.0,24.0,30.0,18.0,13441
11/5/26 9:49,37.9776,24.008245,8,9,43.0,74.0,42.0,1070.0,19.0,25.0,30.0,17.0,13350
11/5/26 9:49,37.977235,24.008223,5,9,23.0,74.0,23.0,1026.0,19.0,8.0,30.0,14.0,13406
11/5/26 9:49,37.977162,24.008192,5,9,33.0,75.0,27.0,983.0,17.0,24.0,30.0,14.0,13338
11/5/26 9:49,37.97712,24.00818,5,9,41.0,75.0,32.0,963.0,17.0,24.0,30.0,16.0,13319
11/5/26 9:49,37.977033,24.008177,3,9,34.0,75.0,28.0,874.0,16.0,13.0,30.0,14.0,13349
11/5/26 9:49,37.976942,24.008188,3,9,44.0,75.0,30.0,834.0,14.0,2.0,30.0,15.0,13367
11/5/26 9:49,37.976868,24.008222,2,9,39.0,75.0,40.0,1114.0,14.0,25.0,30.0,17.0,13258
11/5/26 9:49,37.976608,24.008213,-1,9,28.0,75.0,49.0,1566.0,19.0,41.0,30.0,19.0,13533
11/5/26 9:49,37.976327,24.008238,-3,9,14.0,75.0,19.0,1280.0,16.0,14.0,30.0,14.0,13491
11/5/26 9:49,37.976243,24.008243,-1,9,24.0,76.0,24.0,1049.0,13.0,12.0,30.0,14.0,13380
11/5/26 9:49,37.976203,24.008247,0,9,38.0,76.0,29.0,993.0,12.0,24.0,30.0,16.0,13377
11/5/26 9:49,37.975968,24.008267,1,9,33.0,76.0,41.0,1360.0,17.0,35.0,30.0,18.0,13513
11/5/26 9:49,37.975788,24.008282,5,9,34.0,76.0,66.0,1714.0,21.0,37.0,30.0,21.0,13391
11/5/26 9:49,37.975397,24.00831,8,9,27.0,77.0,37.0,1416.0,25.0,35.0,30.0,18.0,13445
11/5/26 9:50,37.974775,24.0083,19,9,34.0,78.0,29.0,828.0,19.0,8.0,30.0,14.0,13511
11/5/26 9:50,37.974633,24.008297,21,9,66.0,78.0,91.0,1122.0,20.0,4.0,30.0,24.0,13437
11/5/26 9:50,37.974297,24.008325,28,9,34.0,78.0,29.0,826.0,17.0,8.0,30.0,14.0,13505
11/5/26 9:50,37.97425,24.008337,28,9,36.0,78.0,30.0,804.0,15.0,8.0,30.0,14.0,13526
11/5/26 9:50,37.974083,24.008325,26,9,37.0,79.0,30.0,789.0,5.0,8.0,30.0,14.0,13504
11/5/26 9:50,37.97407,24.008322,26,9,38.0,79.0,30.0,750.0,3.0,6.0,30.0,14.0,13498
11/5/26 9:50,37.974058,24.008315,26,9,41.0,79.0,31.0,731.0,2.0,10.0,30.0,14.0,13367
11/5/26 9:52,37.974043,24.008037,41,10,,,,,,,,,12636
11/5/26 9:52,37.974043,24.008037,41,10,,,,,,,,,12597
11/5/26 10:05,37.974043,24.008037,0,0,,,,,,,,,12469
11/5/26 10:05,37.973837,24.007902,30,9,28.0,70.0,39.0,1657.0,12.0,39.0,33.0,19.0,13351
11/5/26 10:05,37.973837,24.007902,30,9,26.0,70.0,43.0,1855.0,13.0,41.0,33.0,19.0,13355
11/5/26 10:05,37.973667,24.007895,30,8,34.0,71.0,29.0,833.0,15.0,10.0,33.0,14.0,13220
11/5/26 10:05,37.973603,24.007903,30,9,36.0,71.0,31.0,801.0,14.0,7.0,33.0,14.0,13302
11/5/26 10:05,37.97355,24.007902,29,9,38.0,71.0,31.0,793.0,13.0,8.0,33.0,14.0,13255
11/5/26 10:05,37.973528,24.007892,29,9,37.0,71.0,31.0,799.0,11.0,6.0,33.0,14.0,13225
11/5/26 10:05,37.973513,24.007887,28,9,37.0,71.0,31.0,792.0,7.0,8.0,33.0,14.0,13255
11/5/26 10:05,37.973477,24.007872,27,9,37.0,72.0,30.0,776.0,4.0,8.0,34.0,14.0,13253
11/5/26 10:05,37.97346,24.007872,26,9,40.0,72.0,31.0,760.0,1.0,8.0,34.0,14.0,13170
11/5/26 10:06,37.973337,24.008025,17,8,11.0,73.0,19.0,1690.0,15.0,27.0,33.0,14.0,13359
11/5/26 10:06,37.973332,24.008142,16,8,37.0,74.0,31.0,789.0,4.0,8.0,33.0,14.0,13259
11/5/26 10:06,37.973333,24.008175,16,8,41.0,74.0,32.0,754.0,0.0,6.0,33.0,14.0,13291
11/5/26 10:06,37.97334,24.008182,16,9,39.0,74.0,31.0,764.0,0.0,7.0,33.0,14.0,13269
11/5/26 10:06,37.973345,24.008188,16,9,40.0,74.0,31.0,760.0,0.0,8.0,33.0,14.0,13263
11/5/26 10:06,37.973345,24.008195,16,9,41.0,74.0,32.0,750.0,0.0,9.0,33.0,14.0,13269
11/5/26 10:07,37.973548,24.008338,13,10,44.0,78.0,33.0,809.0,6.0,22.0,33.0,15.0,13387
11/5/26 10:07,37.973565,24.008345,13,10,36.0,78.0,30.0,807.0,5.0,6.0,33.0,14.0,13377
11/5/26 10:07,37.973585,24.00835,13,10,37.0,78.0,30.0,796.0,5.0,8.0,33.0,14.0,13359
11/5/26 10:07,37.973605,24.008352,14,10,35.0,78.0,30.0,790.0,4.0,6.0,33.0,14.0,13351
11/5/26 10:07,37.973837,24.008273,20,10,52.0,79.0,53.0,870.0,11.0,5.0,33.0,18.0,13275
11/5/26 10:07,37.974015,24.008343,23,10,27.0,80.0,34.0,1389.0,17.0,33.0,33.0,17.0,13447
11/5/26 10:08,37.97457,24.008343,33,10,68.0,81.0,81.0,909.0,2.0,18.0,33.0,17.0,13400
11/5/26 10:08,37.974578,24.008348,33,10,45.0,81.0,70.0,1079.0,7.0,21.0,33.0,18.0,13329
11/5/26 10:08,37.974583,24.008342,34,10,40.0,81.0,69.0,1640.0,11.0,27.0,33.0,23.0,13427
11/5/26 10:08,37.974603,24.008337,33,10,40.0,81.0,75.0,2201.0,15.0,39.0,33.0,24.0,13463
11/5/26 10:08,37.974835,24.008318,37,10,35.0,81.0,30.0,804.0,17.0,6.0,32.0,14.0,13400
11/5/26 10:08,37.974978,24.008357,38,10,34.0,81.0,30.0,804.0,17.0,7.0,33.0,14.0,13407
11/5/26 10:08,37.975012,24.008348,39,10,35.0,81.0,29.0,790.0,17.0,8.0,33.0,14.0,13402
11/5/26 10:08,37.975052,24.008345,39,10,35.0,82.0,30.0,811.0,17.0,10.0,33.0,16.0,13397
11/5/26 10:08,37.975092,24.008347,39,10,80.0,82.0,80.0,994.0,18.0,17.0,33.0,20.0,13340
11/5/26 10:08,37.975492,24.008335,37,10,21.0,82.0,30.0,1579.0,29.0,35.0,32.0,16.0,13457
11/5/26 10:08,37.975903,24.008363,38,10,34.0,83.0,30.0,831.0,6.0,8.0,32.0,14.0,13387
11/5/26 10:08,37.975935,24.008333,34,10,35.0,83.0,30.0,812.0,5.0,8.0,32.0,14.0,13380
11/5/26 10:08,37.976115,24.008273,30,10,22.0,83.0,33.0,2383.0,17.0,39.0,32.0,19.0,13473
11/5/26 10:08,37.97614,24.008265,30,10,19.0,83.0,28.0,2473.0,17.0,36.0,32.0,19.0,13479
11/5/26 10:08,37.976347,24.008243,30,10,33.0,84.0,67.0,1760.0,22.0,27.0,32.0,22.0,13460
11/5/26 10:09,37.976865,24.008257,34,10,33.0,85.0,30.0,824.0,28.0,5.0,32.0,14.0,13388
11/5/26 10:09,37.977245,24.008283,36,9,36.0,85.0,31.0,794.0,6.0,6.0,32.0,14.0,13379
11/5/26 10:09,37.977275,24.00829,37,10,34.0,85.0,30.0,786.0,2.0,6.0,32.0,14.0,13384
11/5/26 10:09,37.977507,24.008318,38,9,29.0,84.0,39.0,1466.0,18.0,37.0,31.0,18.0,13460
11/5/26 10:09,37.977763,24.008312,42,10,20.0,83.0,25.0,1506.0,19.0,32.0,31.0,16.0,13424
11/5/26 10:09,37.97791,24.00821,42,10,29.0,83.0,54.0,1644.0,20.0,41.0,31.0,20.0,13403
11/5/26 10:09,37.977963,24.008183,42,10,23.0,83.0,39.0,1716.0,21.0,38.0,31.0,18.0,13377
11/5/26 10:09,37.978185,24.008103,42,10,7.0,83.0,18.0,1510.0,19.0,254.0,31.0,13.0,13419
11/5/26 10:09,37.978258,24.008082,39,10,29.0,83.0,27.0,954.0,8.0,10.0,31.0,14.0,13424
11/5/26 10:09,37.97828,24.008075,38,10,30.0,83.0,28.0,890.0,4.0,9.0,31.0,14.0,13335
11/5/26 10:10,37.97846,24.008173,28,10,18.0,83.0,36.0,1250.0,15.0,0.0,31.0,18.0,13455
11/5/26 10:10,37.979398,24.008338,30,10,27.0,83.0,42.0,1504.0,27.0,32.0,31.0,18.0,13455
11/5/26 10:10,37.980005,24.008577,30,10,36.0,84.0,30.0,803.0,4.0,6.0,31.0,14.0,13378
11/5/26 10:10,37.980043,24.0086,28,10,38.0,84.0,30.0,749.0,0.0,6.0,32.0,14.0,13293
11/5/26 10:10,37.980185,24.00868,24,10,34.0,84.0,41.0,1256.0,16.0,30.0,31.0,18.0,13449
11/5/26 10:10,37.980288,24.00874,23,10,22.0,84.0,22.0,1240.0,16.0,26.0,31.0,15.0,12957
11/5/26 10:10,37.980392,24.00881,21,10,27.0,84.0,33.0,1389.0,17.0,33.0,31.0,17.0,13204
11/5/26 10:10,37.980718,24.009008,16,10,35.0,83.0,44.0,1304.0,23.0,17.0,31.0,20.0,13465
11/5/26 10:11,37.980768,24.009042,15,10,36.0,83.0,49.0,1375.0,25.0,24.0,31.0,19.0,13462
11/5/26 10:11,37.981348,24.009403,10,10,30.0,84.0,37.0,1347.0,32.0,32.0,31.0,18.0,13446
11/5/26 10:11,37.982203,24.009925,10,10,23.0,84.0,27.0,1269.0,30.0,28.0,31.0,16.0,13423
11/5/26 10:11,37.982992,24.010432,13,10,31.0,84.0,29.0,870.0,16.0,5.0,32.0,14.0,13350
11/5/26 10:11,37.983142,24.010547,10,10,51.0,84.0,51.0,898.0,11.0,21.0,32.0,17.0,13318
11/5/26 10:12,37.983927,24.011205,12,10,26.0,84.0,25.0,1083.0,20.0,26.0,31.0,14.0,13409
11/5/26 10:12,37.984292,24.011537,12,10,37.0,84.0,30.0,750.0,0.0,6.0,32.0,14.0,13372
11/5/26 10:12,37.984293,24.011547,12,10,37.0,84.0,30.0,748.0,0.0,7.0,32.0,14.0,13377
11/5/26 10:12,37.984292,24.011547,12,10,36.0,84.0,30.0,744.0,0.0,7.0,32.0,14.0,13338
11/5/26 10:12,37.984458,24.011717,9,10,33.0,84.0,64.0,1743.0,22.0,38.0,31.0,21.0,13455
11/5/26 10:12,37.98469,24.011935,9,10,30.0,83.0,35.0,1261.0,23.0,29.0,31.0,17.0,13411
11/5/26 10:12,37.985117,24.012315,8,10,30.0,83.0,45.0,1461.0,26.0,39.0,31.0,18.0,13431
11/5/26 10:12,37.985253,24.01238,9,10,28.0,83.0,48.0,1527.0,27.0,41.0,31.0,18.0,13389
11/5/26 10:13,37.986127,24.012683,17,10,16.0,83.0,21.0,1244.0,22.0,14.0,31.0,14.0,13390
11/5/26 10:13,37.986333,24.012798,17,10,35.0,83.0,29.0,786.0,0.0,8.0,32.0,14.0,13392
11/5/26 10:13,37.98643,24.01285,16,10,30.0,84.0,46.0,1261.0,15.0,26.0,31.0,20.0,13449
11/5/26 10:13,37.986768,24.013032,16,10,15.0,84.0,29.0,1444.0,26.0,7.0,31.0,17.0,13474
11/5/26 10:13,37.987692,24.013478,17,10,36.0,84.0,66.0,1490.0,36.0,32.0,31.0,21.0,13457
11/5/26 10:13,37.987947,24.01362,19,10,31.0,84.0,60.0,1618.0,39.0,38.0,31.0,20.0,13303
11/5/26 10:13,37.988762,24.014342,16,10,30.0,84.0,51.0,1722.0,41.0,42.0,31.0,20.0,13469
11/5/26 10:14,37.989298,24.014787,15,10,30.0,84.0,54.0,1804.0,43.0,42.0,30.0,20.0,13549
11/5/26 10:14,37.990153,24.015282,13,10,23.0,84.0,30.0,1660.0,40.0,36.0,31.0,17.0,13479
11/5/26 10:14,37.990382,24.015478,10,10,22.0,83.0,30.0,1622.0,39.0,36.0,31.0,17.0,13395
11/5/26 10:14,37.990958,24.016162,7,10,33.0,83.0,42.0,1358.0,33.0,34.0,31.0,19.0,13445
11/5/26 10:14,37.991123,24.016347,2,10,36.0,83.0,58.0,1456.0,35.0,32.0,31.0,21.0,13418
11/5/26 10:14,37.991295,24.016617,0,10,20.0,83.0,29.0,1485.0,36.0,33.0,31.0,16.0,13387
11/5/26 10:14,37.991435,24.017035,1,10,27.0,83.0,27.0,962.0,31.0,10.0,31.0,14.0,12772
11/5/26 10:14,37.991558,24.017382,5,11,33.0,83.0,30.0,805.0,17.0,6.0,31.0,14.0,12701
11/5/26 10:14,37.99163,24.017528,4,11,34.0,83.0,30.0,805.0,6.0,8.0,31.0,14.0,13397
11/5/26 10:14,37.991643,24.017562,3,11,36.0,83.0,30.0,770.0,4.0,6.0,32.0,14.0,12837
11/5/26 10:14,37.991658,24.017635,3,11,32.0,84.0,58.0,1932.0,13.0,42.0,31.0,21.0,13487
11/5/26 10:14,37.991852,24.018123,9,11,67.0,83.0,73.0,920.0,11.0,8.0,32.0,20.0,13492
11/5/26 10:14,37.991878,24.018138,9,11,52.0,83.0,67.0,1102.0,14.0,21.0,31.0,20.0,13511
11/5/26 10:15,37.991905,24.018142,10,11,26.0,84.0,30.0,1175.0,15.0,27.0,31.0,15.0,13508
11/5/26 10:15,37.991935,24.01812,11,11,31.0,83.0,36.0,1171.0,14.0,20.0,31.0,18.0,13471
11/5/26 10:15,37.991985,24.018047,12,11,37.0,84.0,50.0,1255.0,15.0,27.0,31.0,19.0,13495
11/5/26 10:15,37.991992,24.018,13,11,40.0,84.0,54.0,1375.0,17.0,20.0,31.0,21.0,13451
11/5/26 10:15,37.992013,24.017827,18,11,37.0,84.0,74.0,1950.0,24.0,38.0,31.0,23.0,13428
11/5/26 10:15,37.992113,24.016845,19,11,20.0,84.0,24.0,1090.0,24.0,12.0,31.0,14.0,13347
11/5/26 10:15,37.992137,24.016597,20,11,32.0,84.0,30.0,830.0,11.0,6.0,31.0,14.0,13421
11/5/26 10:15,37.992133,24.016565,21,11,34.0,84.0,30.0,802.0,10.0,6.0,31.0,14.0,13462
11/5/26 10:15,37.992132,24.016538,21,11,34.0,84.0,30.0,804.0,9.0,6.0,31.0,14.0,13522
11/5/26 10:15,37.99213,24.016517,22,11,34.0,84.0,30.0,799.0,8.0,6.0,31.0,14.0,13463
11/5/26 10:15,37.992108,24.016485,22,11,34.0,84.0,30.0,801.0,10.0,6.0,31.0,14.0,13192
11/5/26 10:15,37.992065,24.016458,20,11,33.0,84.0,30.0,810.0,13.0,5.0,32.0,14.0,13214
11/5/26 10:15,37.991935,24.01641,19,11,32.0,84.0,29.0,766.0,0.0,7.0,32.0,14.0,13234
11/5/26 10:15,37.99195,24.016425,21,11,,,,,,,,,12689
11/5/26 10:16,37.991938,24.01644,24,11,,,,,,,,,12556
11/5/26 10:16,37.991938,24.01644,24,11,,,,,,,,,12556
11/5/26 10:20,37.991938,24.01644,24,11,,,,,,,,,12375
11/5/26 10:21,37.991938,24.01644,24,11,,,,,,,,,12400
11/5/26 10:21,37.991938,24.01644,24,11,,,,,,,,,12395
11/5/26 10:22,37.991938,24.01644,24,11,,,,,,,,,12467
11/5/26 11:22,37.991938,24.01644,0,0,,,,,,,,,12643
11/5/26 12:22,37.991938,24.01644,0,0,,,,,,,,,12617
11/5/26 13:22,37.991938,24.01644,0,0,,,,,,,,,12632
11/5/26 14:22,37.991938,24.01644,0,0,,,,,,,,,12599
11/5/26 15:22,37.991938,24.01644,0,0,,,,,,,,,12599
11/5/26 16:22,37.991938,24.01644,0,0,,,,,,,,,12599
11/5/26 16:33,37.991938,24.01644,0,0,,,,,,,,,12356
11/5/26 16:33,37.99184,24.016558,24,4,40.0,31.0,51.0,1144.0,8.0,13.0,28.0,19.0,13251
11/5/26 16:33,37.99188,24.016542,23,4,39.0,32.0,47.0,1104.0,8.0,12.0,28.0,18.0,13281
11/5/26 16:33,37.991973,24.016523,20,4,55.0,32.0,66.0,1007.0,6.0,4.0,28.0,20.0,13223
11/5/26 16:33,37.992012,24.01651,22,4,49.0,33.0,67.0,1021.0,6.0,6.0,28.0,20.0,13253
11/5/26 16:33,37.992118,24.016463,21,4,43.0,34.0,66.0,1078.0,7.0,254.0,28.0,20.0,13357
11/5/26 16:33,37.99216,24.016453,19,4,42.0,34.0,66.0,1067.0,8.0,253.0,28.0,20.0,13172
11/5/26 16:33,37.992187,24.016523,19,4,36.0,34.0,60.0,1198.0,8.0,12.0,28.0,20.0,13243
11/5/26 16:34,37.992183,24.016558,18,4,30.0,35.0,56.0,1441.0,10.0,14.0,28.0,20.0,13277
11/5/26 16:34,37.992233,24.01666,16,4,24.0,35.0,44.0,1252.0,9.0,0.0,28.0,18.0,13301
11/5/26 16:34,37.992225,24.01667,15,4,34.0,36.0,51.0,1096.0,8.0,255.0,28.0,18.0,13275
11/5/26 16:34,37.992213,24.016705,15,4,50.0,36.0,63.0,1023.0,7.0,255.0,28.0,19.0,13276
11/5/26 16:34,37.992213,24.016708,13,4,52.0,36.0,62.0,1037.0,7.0,254.0,28.0,19.0,13202
11/5/26 16:34,37.992212,24.016693,12,4,50.0,36.0,62.0,961.0,7.0,9.0,28.0,20.0,13164
11/5/26 16:34,37.9922,24.016673,11,4,48.0,37.0,65.0,995.0,1.0,0.0,28.0,20.0,12920
11/5/26 16:34,37.992193,24.016668,10,4,40.0,37.0,61.0,1094.0,3.0,252.0,28.0,19.0,12888
11/5/26 16:34,37.992193,24.01668,9,4,32.0,37.0,53.0,1086.0,2.0,255.0,28.0,18.0,13194
11/5/26 16:34,37.99219,24.0167,9,4,42.0,37.0,58.0,1038.0,0.0,254.0,28.0,19.0,13280
11/5/26 16:34,37.992172,24.016697,8,4,39.0,38.0,56.0,1067.0,0.0,254.0,28.0,19.0,13083
11/5/26 16:34,37.992208,24.01667,8,4,51.0,38.0,60.0,925.0,1.0,19.0,28.0,20.0,12629
11/5/26 16:34,37.992237,24.016662,7,4,56.0,39.0,69.0,1025.0,7.0,255.0,28.0,20.0,12539
11/5/26 16:34,37.99223,24.016638,6,4,48.0,39.0,64.0,1146.0,8.0,12.0,28.0,21.0,13076
11/5/26 16:34,37.992212,24.016618,5,4,36.0,39.0,59.0,1486.0,10.0,21.0,28.0,21.0,13358
11/5/26 16:34,37.992268,24.016202,4,4,12.0,40.0,30.0,1622.0,23.0,34.0,28.0,14.0,13454
11/5/26 16:34,37.992413,24.015592,4,4,26.0,42.0,54.0,1585.0,29.0,8.0,28.0,19.0,13514
11/5/26 16:34,37.992412,24.015303,3,4,26.0,42.0,47.0,1696.0,30.0,28.0,28.0,18.0,13396
11/5/26 16:34,37.992362,24.01473,6,4,38.0,43.0,81.0,1688.0,31.0,28.0,28.0,24.0,13508
11/5/26 16:34,37.992342,24.014622,7,4,39.0,43.0,76.0,1795.0,32.0,36.0,28.0,23.0,13511
11/5/26 16:34,37.992323,24.014517,8,4,12.0,43.0,32.0,1620.0,33.0,31.0,28.0,12.0,13486
11/5/26 16:34,37.992297,24.013727,6,5,21.0,44.0,61.0,1477.0,36.0,33.0,28.0,20.0,13499
11/5/26 16:34,37.99233,24.013373,7,5,36.0,45.0,62.0,1501.0,35.0,25.0,28.0,20.0,13416
11/5/26 16:35,37.991998,24.013262,15,7,35.0,46.0,64.0,1485.0,35.0,34.0,28.0,21.0,13418
11/5/26 16:35,37.991997,24.012037,11,8,70.0,48.0,92.0,1201.0,29.0,12.0,28.0,28.0,13393
11/5/26 16:35,37.992018,24.011872,11,8,60.0,48.0,86.0,1311.0,32.0,16.0,28.0,23.0,13367
11/5/26 16:35,37.992078,24.011812,11,8,54.0,48.0,83.0,1374.0,33.0,25.0,28.0,23.0,13332
11/5/26 16:35,37.992237,24.01166,12,8,44.0,48.0,81.0,1500.0,36.0,30.0,28.0,23.0,13417
11/5/26 16:35,37.992573,24.011347,14,8,30.0,49.0,56.0,1522.0,36.0,38.0,28.0,19.0,13418
11/5/26 16:35,37.992688,24.01107,15,7,54.0,49.0,97.0,1503.0,36.0,24.0,28.0,28.0,13418
11/5/26 16:35,37.992887,24.010397,15,7,20.0,50.0,25.0,1228.0,30.0,13.0,28.0,15.0,13461
11/5/26 16:35,37.992993,24.00974,13,7,54.0,51.0,45.0,760.0,18.0,20.0,28.0,16.0,13321
11/5/26 16:35,37.992975,24.009595,13,7,85.0,51.0,85.0,787.0,19.0,9.0,28.0,21.0,13218
11/5/26 16:35,37.992977,24.009495,13,7,84.0,51.0,87.0,878.0,21.0,11.0,28.0,22.0,13275
11/5/26 16:35,37.993007,24.009347,14,8,65.0,51.0,72.0,972.0,23.0,19.0,28.0,19.0,13218
11/5/26 16:35,37.993055,24.009205,15,8,49.0,51.0,49.0,1009.0,24.0,20.0,28.0,18.0,13250
11/5/26 16:35,37.993165,24.00894,17,8,43.0,52.0,38.0,906.0,22.0,20.0,28.0,16.0,13380
11/5/26 16:35,37.993222,24.008815,17,7,42.0,52.0,38.0,823.0,20.0,9.0,28.0,15.0,13426
11/5/26 16:35,37.993265,24.008683,17,8,53.0,52.0,47.0,767.0,19.0,14.0,28.0,16.0,13313
11/5/26 16:35,37.993247,24.00862,17,8,51.0,52.0,48.0,808.0,19.0,9.0,28.0,17.0,13337
11/5/26 16:35,37.993222,24.008575,18,8,47.0,52.0,46.0,846.0,20.0,6.0,28.0,16.0,13363
11/5/26 16:36,37.993175,24.008553,18,8,43.0,53.0,43.0,896.0,21.0,5.0,28.0,16.0,13279
11/5/26 16:36,37.99312,24.008543,18,8,39.0,53.0,39.0,920.0,22.0,3.0,28.0,16.0,13071
11/5/26 16:36,37.993048,24.008555,18,8,32.0,53.0,34.0,947.0,23.0,2.0,28.0,15.0,13266
11/5/26 16:36,37.992117,24.008523,19,9,40.0,54.0,33.0,788.0,19.0,10.0,28.0,15.0,13367
11/5/26 16:36,37.991918,24.00852,24,9,56.0,54.0,63.0,808.0,19.0,1.0,28.0,18.0,13303
11/5/26 16:36,37.991882,24.008513,26,9,75.0,54.0,79.0,877.0,21.0,15.0,28.0,20.0,13319
11/5/26 16:36,37.991587,24.008462,31,9,48.0,54.0,67.0,1237.0,30.0,25.0,28.0,21.0,13372
11/5/26 16:36,37.990892,24.008468,33,10,33.0,55.0,63.0,1640.0,39.0,37.0,28.0,21.0,13517
11/5/26 16:36,37.98995,24.008513,32,10,29.0,57.0,52.0,1778.0,43.0,43.0,28.0,20.0,13488
11/5/26 16:36,37.989038,24.008543,32,10,17.0,58.0,21.0,1505.0,45.0,14.0,28.0,14.0,13477
11/5/26 16:37,37.988047,24.008497,33,9,18.0,58.0,21.0,1429.0,43.0,28.0,28.0,15.0,13449
11/5/26 16:37,37.987088,24.008508,30,9,12.0,58.0,19.0,1372.0,41.0,13.0,28.0,14.0,13470
11/5/26 16:37,37.986533,24.008443,31,10,35.0,59.0,45.0,1369.0,41.0,34.0,28.0,19.0,13503
11/5/26 16:37,37.985663,24.008102,28,9,31.0,59.0,42.0,1399.0,42.0,37.0,28.0,18.0,13444
11/5/26 16:37,37.984737,24.007747,24,10,10.0,60.0,34.0,1471.0,44.0,29.0,28.0,13.0,13475
11/5/26 16:37,37.983792,24.007378,23,10,30.0,61.0,62.0,1509.0,45.0,26.0,28.0,20.0,13514
11/5/26 16:37,37.982817,24.007063,22,9,41.0,63.0,78.0,1519.0,45.0,30.0,28.0,24.0,13477
11/5/26 16:38,37.981905,24.00674,25,9,32.0,64.0,65.0,1686.0,50.0,37.0,28.0,20.0,13485
11/5/26 16:38,37.980945,24.00642,24,9,0.0,65.0,18.0,1376.0,41.0,26.0,28.0,13.0,13473
11/5/26 16:38,37.98042,24.006302,23,10,30.0,65.0,33.0,1245.0,37.0,29.0,28.0,17.0,13439
11/5/26 16:38,37.98024,24.006335,22,10,39.0,65.0,53.0,1256.0,38.0,26.0,28.0,20.0,13438
11/5/26 16:38,37.980072,24.00641,21,10,38.0,65.0,51.0,1253.0,38.0,26.0,28.0,19.0,13392
11/5/26 16:38,37.979723,24.006487,20,9,38.0,65.0,52.0,1268.0,38.0,26.0,28.0,19.0,13447
11/5/26 16:38,37.97877,24.00639,17,10,31.0,65.0,42.0,1386.0,41.0,36.0,28.0,18.0,13453
11/5/26 16:38,37.9778,24.006295,17,10,32.0,66.0,41.0,1370.0,41.0,35.0,28.0,18.0,13437
11/5/26 16:38,37.976895,24.006203,19,10,32.0,67.0,47.0,1409.0,42.0,34.0,28.0,19.0,13425
11/5/26 16:38,37.975952,24.006165,19,11,31.0,67.0,42.0,1397.0,42.0,36.0,28.0,18.0,13454
11/5/26 16:39,37.974992,24.006157,21,11,31.0,68.0,42.0,1401.0,42.0,36.0,28.0,18.0,13431
11/5/26 16:39,37.974052,24.006128,25,11,14.0,69.0,20.0,1312.0,39.0,14.0,28.0,14.0,13427
11/5/26 16:39,37.97369,24.006075,25,10,38.0,69.0,39.0,1178.0,35.0,29.0,28.0,18.0,13396
11/5/26 16:39,37.973623,24.006003,25,11,42.0,69.0,52.0,1176.0,35.0,24.0,28.0,19.0,13404
11/5/26 16:39,37.97305,24.005403,21,11,37.0,69.0,49.0,1327.0,40.0,30.0,28.0,19.0,13453
11/5/26 16:39,37.972778,24.005265,18,11,14.0,70.0,19.0,1312.0,39.0,14.0,28.0,14.0,13348
11/5/26 16:39,37.97252,24.005125,16,11,31.0,70.0,26.0,1076.0,32.0,26.0,28.0,16.0,13337
11/5/26 16:39,37.97244,24.004958,14,12,34.0,70.0,45.0,1060.0,32.0,4.0,28.0,15.0,13406
11/5/26 16:39,37.972415,24.004855,14,12,26.0,70.0,25.0,1007.0,30.0,12.0,28.0,14.0,13321
11/5/26 16:39,37.972382,24.00477,15,12,38.0,70.0,28.0,986.0,29.0,24.0,28.0,16.0,13341
11/5/26 16:39,37.97233,24.004707,15,12,73.0,70.0,80.0,1023.0,31.0,16.0,28.0,21.0,13364
11/5/26 16:39,37.972268,24.004667,15,12,70.0,70.0,84.0,1103.0,33.0,15.0,28.0,22.0,13328
11/5/26 16:39,37.972193,24.004637,15,12,69.0,70.0,89.0,1179.0,35.0,14.0,28.0,24.0,13384
11/5/26 16:39,37.971642,24.004543,14,10,47.0,71.0,88.0,1502.0,45.0,26.0,28.0,23.0,13504
11/5/26 16:39,37.970717,24.004275,7,11,29.0,72.0,51.0,1536.0,46.0,40.0,28.0,19.0,13482
11/5/26 16:40,37.969767,24.004003,6,12,36.0,73.0,31.0,838.0,32.0,9.0,28.0,14.0,13409
11/5/26 16:40,37.969628,24.003977,8,12,38.0,73.0,32.0,789.0,17.0,8.0,28.0,14.0,13363
11/5/26 16:40,37.969543,24.003948,10,12,40.0,74.0,33.0,793.0,5.0,7.0,28.0,15.0,13330
11/5/26 16:40,37.96952,24.00391,12,12,39.0,74.0,33.0,764.0,0.0,7.0,28.0,14.0,13357
11/5/26 16:40,37.969525,24.00387,15,12,37.0,74.0,53.0,1747.0,12.0,38.0,28.0,21.0,13469
11/5/26 16:40,37.969498,24.003843,14,12,95.0,74.0,100.0,983.0,13.0,243.0,28.0,42.0,13491
11/5/26 16:40,37.96948,24.003805,14,12,90.0,74.0,113.0,1371.0,17.0,4.0,28.0,43.0,13474
11/5/26 16:40,37.969417,24.003617,13,12,12.0,74.0,36.0,2041.0,28.0,19.0,28.0,12.0,13444
11/5/26 16:40,37.969312,24.003248,13,12,38.0,75.0,75.0,1923.0,35.0,38.0,28.0,23.0,13466
11/5/26 16:40,37.969077,24.002272,22,12,13.0,76.0,21.0,1191.0,21.0,1.0,28.0,14.0,13460
11/5/26 16:40,37.969025,24.002088,27,12,35.0,76.0,30.0,861.0,13.0,10.0,28.0,14.0,13311
11/5/26 16:40,37.969,24.002065,27,12,35.0,77.0,30.0,840.0,13.0,9.0,28.0,14.0,13361
11/5/26 16:40,37.968975,24.00207,29,12,36.0,77.0,30.0,815.0,11.0,8.0,28.0,14.0,13366
11/5/26 16:40,37.968947,24.002117,32,12,40.0,77.0,32.0,795.0,10.0,7.0,28.0,14.0,13460
11/5/26 16:40,37.968942,24.002147,32,12,40.0,77.0,33.0,785.0,9.0,8.0,28.0,15.0,13452
11/5/26 16:40,37.968953,24.00229,33,12,41.0,77.0,33.0,798.0,12.0,5.0,28.0,15.0,13423
11/5/26 16:40,37.968967,24.002353,32,12,37.0,77.0,32.0,807.0,10.0,8.0,28.0,14.0,13489
11/5/26 16:40,37.968983,24.002368,32,12,38.0,77.0,32.0,803.0,6.0,6.0,28.0,14.0,13479
11/5/26 16:41,37.969045,24.002382,33,13,53.0,77.0,84.0,1119.0,13.0,3.0,28.0,43.0,13576
11/5/26 16:41,37.969057,24.002358,34,13,94.0,77.0,115.0,1398.0,17.0,3.0,28.0,43.0,13570
11/5/26 16:41,37.969068,24.002318,35,13,56.0,77.0,97.0,1738.0,22.0,23.0,28.0,25.0,13579
11/5/26 16:41,37.969077,24.002257,36,13,52.0,77.0,105.0,2018.0,25.0,18.0,28.0,27.0,13552
11/5/26 16:41,37.969077,24.002187,37,13,3.0,77.0,21.0,1747.0,26.0,33.0,28.0,16.0,13530
11/5/26 16:41,37.969028,24.00203,38,13,69.0,78.0,119.0,1791.0,32.0,10.0,28.0,33.0,13449
11/5/26 16:41,37.968957,24.00172,41,13,70.0,78.0,102.0,1664.0,38.0,11.0,28.0,49.0,13462
11/5/26 16:41,37.968802,24.000767,37,13,52.0,80.0,99.0,2010.0,48.0,26.0,29.0,26.0,13497
11/5/26 16:41,37.968495,23.999688,38,13,53.0,81.0,100.0,1766.0,53.0,23.0,29.0,26.0,13486
11/5/26 16:41,37.968242,23.998543,43,12,46.0,82.0,91.0,1825.0,55.0,31.0,29.0,24.0,13479
11/5/26 16:41,37.968095,23.997355,51,12,47.0,84.0,92.0,1525.0,54.0,25.0,29.0,23.0,13487
11/5/26 16:41,37.967865,23.996188,50,12,40.0,85.0,83.0,1533.0,55.0,30.0,28.0,22.0,13474
11/5/26 16:41,37.967618,23.995015,44,12,43.0,85.0,84.0,1571.0,56.0,26.0,28.0,22.0,13495
11/5/26 16:42,37.967397,23.993805,43,11,46.0,85.0,92.0,1566.0,56.0,27.0,28.0,23.0,13497
11/5/26 16:42,37.967167,23.992602,47,12,39.0,85.0,81.0,1653.0,59.0,33.0,28.0,22.0,13492
11/5/26 16:42,37.966902,23.99136,46,12,36.0,84.0,74.0,1690.0,60.0,35.0,28.0,21.0,13489
11/5/26 16:42,37.96665,23.990245,48,12,29.0,83.0,54.0,1656.0,59.0,39.0,28.0,19.0,13468
11/5/26 16:42,37.966417,23.988977,54,12,40.0,83.0,84.0,1607.0,57.0,32.0,28.0,22.0,13498
11/5/26 16:42,37.966157,23.98775,60,13,56.0,83.0,101.0,1577.0,56.0,19.0,28.0,26.0,13124
11/5/26 16:42,37.966025,23.98688,66,12,49.0,83.0,95.0,1554.0,55.0,24.0,28.0,24.0,13460
11/5/26 16:42,37.96579,23.986445,67,12,50.0,83.0,95.0,1542.0,55.0,23.0,28.0,24.0,13120
11/5/26 16:42,37.965063,23.985585,75,12,15.0,84.0,29.0,1534.0,55.0,32.0,28.0,14.0,13414
11/5/26 16:43,37.964397,23.984798,76,12,14.0,83.0,19.0,1348.0,48.0,27.0,28.0,14.0,13466
11/5/26 16:43,37.963718,23.983937,69,12,43.0,83.0,73.0,1409.0,50.0,27.0,28.0,21.0,13440
11/5/26 16:43,37.96312,23.98302,73,12,8.0,83.0,17.0,1543.0,55.0,13.0,28.0,13.0,13474
11/5/26 16:43,37.962487,23.982195,78,12,61.0,83.0,104.0,1495.0,53.0,15.0,28.0,26.0,13463
11/5/26 16:43,37.96185,23.981358,83,12,69.0,84.0,106.0,1392.0,50.0,11.0,28.0,26.0,13442
11/5/26 16:43,37.961228,23.98047,92,12,46.0,84.0,69.0,1268.0,45.0,24.0,28.0,21.0,13441
11/5/26 16:43,37.960862,23.979915,99,12,63.0,85.0,73.0,1042.0,37.0,19.0,28.0,21.0,13372
11/5/26 16:43,37.960745,23.979707,101,12,63.0,85.0,71.0,1046.0,37.0,20.0,28.0,20.0,13427
11/5/26 16:43,37.96069,23.979213,103,12,65.0,85.0,75.0,1058.0,38.0,18.0,28.0,21.0,13388
11/5/26 16:43,37.960538,23.978555,95,12,67.0,85.0,83.0,1146.0,41.0,16.0,29.0,22.0,13456
11/5/26 16:44,37.960205,23.977358,94,11,51.0,85.0,93.0,1490.0,53.0,22.0,29.0,24.0,13463
11/5/26 16:44,37.959952,23.976598,95,12,39.0,85.0,81.0,1664.0,59.0,33.0,29.0,22.0,13479
11/5/26 16:44,37.959632,23.975947,95,12,33.0,84.0,65.0,1728.0,62.0,37.0,28.0,21.0,13410
11/5/26 16:44,37.958937,23.975133,93,12,52.0,84.0,98.0,1722.0,61.0,23.0,29.0,27.0,13509
11/5/26 16:44,37.958563,23.974565,88,12,56.0,83.0,102.0,1737.0,62.0,21.0,29.0,27.0,12998
11/5/26 16:44,37.958443,23.974208,83,12,54.0,83.0,101.0,1731.0,62.0,22.0,29.0,26.0,13465
11/5/26 16:44,37.958377,23.973605,87,12,60.0,83.0,106.0,1724.0,61.0,18.0,29.0,27.0,13232
11/5/26 16:44,37.95827,23.972258,96,12,56.0,84.0,103.0,1712.0,61.0,20.0,29.0,27.0,13485
11/5/26 16:44,37.958357,23.971667,94,12,62.0,84.0,110.0,1754.0,62.0,17.0,29.0,28.0,13362
11/5/26 16:44,37.958788,23.970583,101,12,42.0,84.0,84.0,1828.0,65.0,34.0,29.0,23.0,13480
11/5/26 16:44,37.959192,23.969508,105,14,42.0,84.0,84.0,1808.0,65.0,33.0,29.0,23.0,13463
11/5/26 16:44,37.959548,23.968378,107,14,40.0,84.0,80.0,1875.0,67.0,35.0,28.0,23.0,13468
11/5/26 16:45,37.959895,23.967325,105,14,28.0,84.0,51.0,2032.0,72.0,43.0,28.0,20.0,13469
11/5/26 16:45,37.960033,23.966162,107,14,27.0,83.0,47.0,2152.0,77.0,43.0,28.0,20.0,13471
11/5/26 16:45,37.960057,23.96493,105,14,25.0,83.0,42.0,2248.0,80.0,44.0,29.0,20.0,13476
11/5/26 16:45,37.959875,23.963687,97,13,21.0,82.0,38.0,2296.0,82.0,41.0,29.0,19.0,13436
11/5/26 16:45,37.95962,23.962458,93,13,25.0,82.0,42.0,2286.0,81.0,44.0,29.0,20.0,13369
11/5/26 16:45,37.95936,23.961192,81,13,25.0,82.0,42.0,2262.0,81.0,44.0,29.0,20.0,13490
11/5/26 16:45,37.959142,23.959997,77,13,23.0,82.0,36.0,2243.0,80.0,41.0,29.0,19.0,13443
11/5/26 16:45,37.958977,23.958763,72,13,21.0,82.0,33.0,2250.0,80.0,40.0,29.0,19.0,13502
11/5/26 16:45,37.958895,23.957473,68,13,22.0,82.0,33.0,2301.0,82.0,41.0,29.0,19.0,13490
11/5/26 16:45,37.958823,23.956147,69,13,20.0,82.0,30.0,2286.0,81.0,39.0,29.0,19.0,13491
11/5/26 16:45,37.958785,23.95484,81,13,24.0,82.0,35.0,2245.0,80.0,41.0,29.0,20.0,13474
11/5/26 16:45,37.958852,23.954092,82,13,21.0,82.0,30.0,2228.0,79.0,38.0,29.0,19.0,13483
11/5/26 16:45,37.959085,23.952892,78,13,20.0,82.0,24.0,1008.0,77.0,13.0,29.0,14.0,13464
11/5/26 16:46,37.959313,23.951695,75,12,36.0,82.0,29.0,791.0,69.0,7.0,29.0,14.0,13391
11/5/26 16:46,37.959363,23.950812,75,13,36.0,82.0,29.0,796.0,49.0,6.0,29.0,14.0,13354
11/5/26 16:46,37.95939,23.950487,74,13,37.0,82.0,30.0,793.0,43.0,8.0,30.0,14.0,13369
11/5/26 16:46,37.959405,23.950133,74,13,36.0,83.0,30.0,797.0,23.0,7.0,30.0,14.0,13337
11/5/26 16:46,37.959423,23.94995,72,13,36.0,83.0,30.0,801.0,19.0,7.0,30.0,14.0,13434
11/5/26 16:46,37.959392,23.949823,72,13,36.0,83.0,30.0,802.0,11.0,7.0,30.0,14.0,12806
11/5/26 16:46,37.959385,23.949785,72,13,35.0,83.0,29.0,799.0,10.0,6.0,30.0,14.0,13199
11/5/26 16:46,37.95937,23.949645,72,13,38.0,83.0,29.0,740.0,2.0,8.0,30.0,14.0,13342
11/5/26 16:47,37.95945,23.949575,91,14,67.0,84.0,99.0,2187.0,28.0,23.0,30.0,26.0,13575
11/5/26 16:47,37.95945,23.949412,89,14,0.0,84.0,19.0,1764.0,32.0,27.0,29.0,13.0,13487
11/5/26 16:47,37.959447,23.948955,86,14,30.0,83.0,25.0,1029.0,18.0,25.0,29.0,15.0,13457
11/5/26 16:47,37.959425,23.948903,86,14,41.0,83.0,38.0,1063.0,19.0,26.0,29.0,17.0,13205
11/5/26 16:47,37.959393,23.948865,85,14,22.0,83.0,24.0,1087.0,20.0,12.0,29.0,14.0,13155
11/5/26 16:47,37.959352,23.94885,85,14,23.0,83.0,23.0,1118.0,20.0,12.0,29.0,14.0,13399
11/5/26 16:47,37.959298,23.948847,83,14,25.0,83.0,31.0,1128.0,20.0,5.0,30.0,16.0,13454
11/5/26 16:47,37.959253,23.94886,83,14,47.0,83.0,50.0,1143.0,20.0,22.0,30.0,23.0,13437
11/5/26 16:47,37.959158,23.948937,81,14,36.0,83.0,62.0,1524.0,27.0,34.0,30.0,19.0,13454
11/5/26 16:47,37.959127,23.949002,82,14,22.0,83.0,36.0,1531.0,28.0,33.0,29.0,15.0,13477
11/5/26 16:47,37.959082,23.949173,80,14,18.0,83.0,23.0,1481.0,27.0,30.0,29.0,15.0,13454
11/5/26 16:47,37.959062,23.949345,77,14,55.0,83.0,89.0,1496.0,27.0,18.0,29.0,27.0,13453
11/5/26 16:47,37.958983,23.949938,72,14,33.0,83.0,44.0,1380.0,33.0,35.0,29.0,18.0,13460
11/5/26 16:47,37.95879,23.951132,74,14,33.0,83.0,56.0,1443.0,35.0,33.0,30.0,19.0,13457
11/5/26 16:47,37.958752,23.951553,78,14,42.0,83.0,79.0,1484.0,36.0,27.0,30.0,23.0,13409
11/5/26 16:47,37.958727,23.952553,81,14,28.0,84.0,51.0,1704.0,41.0,42.0,29.0,19.0,13486
11/5/26 16:48,37.958548,23.953777,78,14,53.0,84.0,99.0,1659.0,50.0,23.0,30.0,25.0,13464
11/5/26 16:48,37.958365,23.9549,83,13,47.0,85.0,91.0,1939.0,58.0,32.0,29.0,24.0,13474
11/5/26 16:48,37.958202,23.95541,91,13,29.0,85.0,52.0,1933.0,58.0,44.0,29.0,20.0,13437
11/5/26 16:48,37.957832,23.956148,93,14,0.0,84.0,19.0,1502.0,45.0,26.0,29.0,14.0,13403
11/5/26 16:48,37.957677,23.956465,91,14,21.0,84.0,23.0,1113.0,35.0,12.0,30.0,14.0,13386
11/5/26 16:48,37.957517,23.956783,89,14,43.0,83.0,35.0,884.0,25.0,0.0,30.0,22.0,13370
11/5/26 16:48,37.957128,23.957528,91,14,40.0,83.0,85.0,1580.0,38.0,31.0,30.0,22.0,13460
11/5/26 16:48,37.956525,23.958543,96,15,19.0,84.0,30.0,1833.0,44.0,36.0,30.0,16.0,13457
11/5/26 16:48,37.956107,23.959622,96,15,32.0,83.0,62.0,1772.0,42.0,39.0,30.0,21.0,13461
11/5/26 16:49,37.955728,23.960698,101,15,37.0,83.0,69.0,1578.0,38.0,33.0,30.0,22.0,13461
11/5/26 16:49,37.955528,23.960958,98,15,35.0,83.0,70.0,1650.0,40.0,35.0,30.0,21.0,13046
11/5/26 16:49,37.955353,23.961113,101,15,32.0,83.0,67.0,1780.0,43.0,39.0,30.0,20.0,13449
11/5/26 16:49,37.95524,23.961178,102,15,16.0,83.0,23.0,1734.0,42.0,31.0,30.0,16.0,13407
11/5/26 16:49,37.955123,23.961192,105,15,22.0,83.0,27.0,1730.0,42.0,27.0,30.0,17.0,13460
11/5/26 16:49,37.954935,23.96114,103,15,24.0,83.0,36.0,1704.0,41.0,27.0,30.0,18.0,13476
11/5/26 16:49,37.954843,23.961105,102,15,40.0,83.0,74.0,1741.0,42.0,33.0,30.0,24.0,13456
11/5/26 16:49,37.954665,23.960973,102,15,25.0,83.0,52.0,1829.0,44.0,42.0,30.0,17.0,13460
11/5/26 16:49,37.953853,23.96024,98,15,28.0,83.0,48.0,1892.0,45.0,44.0,30.0,20.0,13464
11/5/26 16:49,37.953182,23.959427,102,15,7.0,83.0,18.0,1709.0,41.0,17.0,30.0,14.0,13441
11/5/26 16:49,37.952925,23.9591,98,15,13.0,83.0,18.0,1366.0,33.0,26.0,31.0,14.0,13379
11/5/26 16:49,37.952305,23.958332,91,15,64.0,83.0,108.0,1616.0,39.0,14.0,30.0,29.0,13460
11/5/26 16:49,37.951737,23.957928,99,15,42.0,84.0,88.0,1693.0,51.0,32.0,30.0,23.0,13453
11/5/26 16:49,37.95114,23.957465,100,15,32.0,84.0,62.0,1713.0,61.0,39.0,30.0,20.0,13462
11/5/26 16:50,37.950345,23.95685,90,15,23.0,84.0,31.0,1819.0,65.0,38.0,30.0,18.0,13477
11/5/26 16:50,37.94953,23.956142,85,15,23.0,84.0,33.0,1802.0,64.0,38.0,30.0,18.0,13478
11/5/26 16:50,37.948742,23.955503,87,14,7.0,84.0,19.0,1711.0,61.0,17.0,31.0,15.0,13471
11/5/26 16:50,37.947952,23.954735,87,15,0.0,83.0,19.0,1471.0,53.0,27.0,31.0,14.0,13482
11/5/26 16:50,37.947227,23.954052,83,15,7.0,82.0,19.0,1326.0,47.0,241.0,32.0,14.0,13419
11/5/26 16:50,37.946452,23.953367,81,15,25.0,82.0,31.0,1394.0,49.0,32.0,32.0,17.0,13190
11/5/26 16:50,37.945705,23.952718,75,15,29.0,82.0,49.0,1538.0,55.0,41.0,31.0,19.0,13482
11/5/26 16:50,37.944928,23.951962,72,15,17.0,83.0,22.0,1485.0,53.0,29.0,31.0,15.0,13432
11/5/26 16:51,37.944128,23.951237,73,15,29.0,83.0,26.0,945.0,42.0,8.0,32.0,14.0,13414
11/5/26 16:51,37.943898,23.950935,72,13,30.0,83.0,26.0,1611.0,38.0,35.0,32.0,18.0,13391
11/5/26 16:51,37.943877,23.950722,71,10,48.0,83.0,93.0,1636.0,39.0,26.0,32.0,27.0,13441
11/5/26 16:51,37.94369,23.950617,74,11,32.0,83.0,74.0,1754.0,42.0,27.0,31.0,18.0,13389
11/5/26 16:51,37.9434,23.95025,75,10,53.0,83.0,91.0,1442.0,43.0,21.0,31.0,24.0,13426
11/5/26 16:51,37.943187,23.949912,76,12,50.0,83.0,96.0,1609.0,48.0,22.0,31.0,25.0,13424
11/5/26 16:51,37.942777,23.949503,77,13,5.0,84.0,23.0,1641.0,56.0,29.0,30.0,14.0,13428
11/5/26 16:51,37.942188,23.949043,73,13,54.0,84.0,100.0,1640.0,58.0,20.0,31.0,25.0,13482
11/5/26 16:51,37.94135,23.948553,77,13,36.0,85.0,36.0,1685.0,60.0,39.0,30.0,20.0,13496
11/5/26 16:51,37.940502,23.947793,80,15,49.0,84.0,94.0,1750.0,62.0,26.0,30.0,26.0,13488
11/5/26 16:51,37.939737,23.947073,85,15,40.0,84.0,80.0,1869.0,67.0,35.0,30.0,23.0,13509
11/5/26 16:51,37.938963,23.946355,88,15,41.0,84.0,79.0,1934.0,69.0,35.0,30.0,24.0,13499
11/5/26 16:51,37.938252,23.945647,88,15,33.0,84.0,65.0,2002.0,71.0,40.0,30.0,21.0,13338
11/5/26 16:51,37.937367,23.944833,90,15,28.0,84.0,55.0,2049.0,73.0,43.0,30.0,20.0,13483
11/5/26 16:52,37.936505,23.943973,87,14,25.0,84.0,40.0,2044.0,73.0,43.0,31.0,19.0,13475
11/5/26 16:52,37.935777,23.943272,88,14,25.0,83.0,40.0,2027.0,72.0,43.0,31.0,19.0,13466
11/5/26 16:52,37.935047,23.94259,87,13,25.0,83.0,39.0,2035.0,72.0,43.0,31.0,19.0,13454
11/5/26 16:52,37.934327,23.941877,85,14,23.0,83.0,37.0,2059.0,73.0,41.0,31.0,19.0,13448
11/5/26 16:52,37.933587,23.941152,85,15,21.0,83.0,31.0,2068.0,74.0,39.0,31.0,18.0,13468
11/5/26 16:52,37.932728,23.940338,79,15,12.0,83.0,18.0,1983.0,71.0,26.0,32.0,15.0,13455
11/5/26 16:52,37.931855,23.939523,78,14,16.0,82.0,22.0,1950.0,70.0,31.0,32.0,16.0,13461
11/5/26 16:52,37.931042,23.938678,74,12,9.0,82.0,19.0,1911.0,68.0,27.0,32.0,14.0,13462
11/5/26 16:52,37.93026,23.937928,84,13,17.0,82.0,24.0,1897.0,68.0,33.0,32.0,17.0,13474
11/5/26 16:52,37.92946,23.937167,82,14,7.0,82.0,18.0,1823.0,65.0,19.0,32.0,15.0,13504
11/5/26 16:53,37.92872,23.93638,78,15,0.0,82.0,19.0,1703.0,61.0,27.0,32.0,14.0,13486
11/5/26 16:53,37.928168,23.935758,81,15,14.0,82.0,19.0,1298.0,46.0,16.0,32.0,14.0,13318
11/5/26 16:53,37.927868,23.935358,79,15,30.0,82.0,27.0,877.0,37.0,6.0,33.0,14.0,13365
11/5/26 16:53,37.927525,23.935015,78,15,32.0,82.0,29.0,813.0,25.0,4.0,33.0,14.0,13377
11/5/26 16:53,37.926782,23.934272,77,14,32.0,83.0,65.0,1522.0,36.0,35.0,31.0,20.0,13453
11/5/26 16:53,37.926152,23.93362,88,14,34.0,84.0,29.0,808.0,22.0,5.0,32.0,14.0,13404
11/5/26 16:53,37.925957,23.933417,85,15,33.0,84.0,29.0,798.0,13.0,8.0,32.0,14.0,13374
11/5/26 16:53,37.92586,23.933285,82,15,37.0,84.0,40.0,1150.0,14.0,27.0,32.0,16.0,13388
11/5/26 16:53,37.925798,23.933137,81,15,32.0,84.0,28.0,857.0,8.0,8.0,32.0,14.0,13355
11/5/26 16:53,37.925762,23.933093,81,15,33.0,84.0,29.0,818.0,5.0,5.0,32.0,14.0,13418
11/5/26 16:53,37.92574,23.933078,81,15,33.0,84.0,29.0,771.0,2.0,5.0,32.0,14.0,13395
11/5/26 16:54,37.925705,23.933097,98,15,,,,,,,,,12599
11/5/26 16:55,37.925705,23.933097,98,15,,,,,,,,,12593
11/5/26 16:55,37.925705,23.933097,98,15,,,,,,,,,12530
11/5/26 16:56,37.925705,23.933097,98,14,,,,,,,,,12556
11/5/26 16:57,37.925705,23.933097,98,18,,,,,,,,,12555
11/5/26 16:58,37.925705,23.933097,98,18,,,,,,,,,12517
11/5/26 17:02,37.925705,23.933097,98,18,,,,,,,,,12491
11/5/26 17:03,37.925678,23.933035,87,15,45.0,83.0,60.0,1036.0,13.0,3.0,36.0,19.0,13309
11/5/26 17:03,37.925653,23.933015,87,15,38.0,83.0,41.0,1144.0,14.0,28.0,35.0,17.0,13298
11/5/26 17:03,37.925443,23.932812,86,12,54.0,83.0,69.0,1122.0,20.0,21.0,34.0,20.0,13301
11/5/26 17:03,37.92537,23.932745,85,13,35.0,83.0,43.0,1269.0,23.0,10.0,34.0,19.0,13279
11/5/26 17:03,37.92532,23.932722,84,14,89.0,83.0,104.0,1401.0,25.0,9.0,34.0,45.0,13275
11/5/26 17:03,37.925123,23.932625,82,15,68.0,83.0,110.0,1462.0,35.0,8.0,33.0,29.0,13339
11/5/26 17:03,37.92471,23.932272,81,12,41.0,85.0,82.0,1931.0,46.0,36.0,32.0,23.0,13343
11/5/26 17:03,37.924043,23.931615,78,15,43.0,86.0,87.0,1808.0,54.0,33.0,32.0,23.0,13376
11/5/26 17:03,37.923283,23.930857,75,15,10.0,87.0,18.0,1832.0,55.0,21.0,32.0,14.0,13378
11/5/26 17:03,37.922855,23.930447,76,15,17.0,85.0,21.0,1231.0,37.0,14.0,32.0,14.0,13309
11/5/26 17:03,37.922692,23.930282,75,14,31.0,85.0,28.0,882.0,19.0,7.0,33.0,14.0,13289
11/5/26 17:04,37.922617,23.930177,74,14,34.0,85.0,30.0,818.0,12.0,6.0,33.0,14.0,13263
11/5/26 17:04,37.92258,23.930112,74,14,53.0,84.0,84.0,1532.0,11.0,255.0,33.0,44.0,13319
11/5/26 17:04,37.922485,23.930025,73,14,2.0,84.0,18.0,1622.0,25.0,26.0,32.0,12.0,13261
11/5/26 17:04,37.922253,23.92984,73,17,33.0,84.0,78.0,2177.0,39.0,42.0,32.0,18.0,13350
11/5/26 17:04,37.921887,23.929587,70,17,38.0,84.0,76.0,2031.0,49.0,37.0,31.0,23.0,13362
11/5/26 17:04,37.921068,23.928917,68,16,8.0,83.0,17.0,1866.0,44.0,26.0,32.0,16.0,13377
11/5/26 17:04,37.920285,23.928303,69,12,28.0,82.0,48.0,2028.0,49.0,28.0,32.0,22.0,13381
11/5/26 17:04,37.919435,23.927598,72,15,49.0,83.0,95.0,2149.0,64.0,30.0,31.0,25.0,13384
11/5/26 17:04,37.918607,23.926847,75,16,27.0,84.0,44.0,2225.0,67.0,45.0,31.0,20.0,13422
11/5/26 17:04,37.917822,23.92607,71,15,51.0,85.0,99.0,2291.0,69.0,28.0,31.0,27.0,13423
11/5/26 17:04,37.917048,23.925175,69,15,53.0,85.0,101.0,1983.0,70.0,23.0,31.0,31.0,13429
11/5/26 17:05,37.916342,23.924225,65,15,52.0,84.0,100.0,2121.0,76.0,26.0,31.0,27.0,13401
11/5/26 17:05,37.915767,23.923188,64,15,56.0,85.0,107.0,2263.0,81.0,24.0,32.0,29.0,13337
11/5/26 17:05,37.915298,23.922122,68,17,47.0,85.0,92.0,2356.0,84.0,33.0,31.0,26.0,13337
11/5/26 17:05,37.914928,23.920858,67,17,47.0,85.0,93.0,2419.0,86.0,33.0,31.0,26.0,13362
11/5/26 17:05,37.914613,23.919537,67,15,45.0,84.0,91.0,2487.0,89.0,36.0,31.0,25.0,13385
11/5/26 17:05,37.91435,23.918198,68,16,44.0,84.0,90.0,2533.0,90.0,37.0,31.0,25.0,13352
11/5/26 17:05,37.91407,23.916823,69,16,40.0,83.0,84.0,2550.0,91.0,39.0,31.0,25.0,13382
11/5/26 17:05,37.913813,23.91573,70,16,20.0,83.0,33.0,2412.0,86.0,40.0,31.0,20.0,13343
11/5/26 17:05,37.913655,23.914592,71,18,40.0,83.0,80.0,2404.0,86.0,39.0,31.0,24.0,13349
11/5/26 17:05,37.913338,23.913285,79,18,30.0,83.0,48.0,2339.0,83.0,44.0,30.0,22.0,13354
11/5/26 17:05,37.913,23.912062,85,18,52.0,83.0,100.0,2184.0,78.0,26.0,31.0,27.0,13363
11/5/26 17:05,37.912558,23.910948,90,18,38.0,83.0,77.0,2317.0,83.0,39.0,30.0,23.0,13358
11/5/26 17:06,37.912058,23.909812,94,18,23.0,84.0,33.0,2250.0,80.0,40.0,30.0,19.0,12908
11/5/26 17:06,37.911545,23.908685,90,18,28.0,83.0,49.0,2229.0,79.0,43.0,31.0,21.0,13373
11/5/26 17:06,37.911068,23.907633,77,17,27.0,83.0,46.0,2260.0,81.0,45.0,31.0,21.0,13329
11/5/26 17:06,37.910548,23.906542,78,17,32.0,83.0,63.0,2286.0,82.0,42.0,31.0,23.0,13417
11/5/26 17:06,37.910033,23.905417,79,18,45.0,83.0,89.0,2288.0,82.0,34.0,31.0,25.0,13368
11/5/26 17:06,37.90954,23.904278,87,18,45.0,83.0,89.0,2234.0,80.0,34.0,30.0,24.0,13396
11/5/26 17:06,37.909117,23.903147,94,18,36.0,83.0,71.0,2160.0,77.0,40.0,30.0,23.0,13339
11/5/26 17:06,37.908765,23.90204,101,18,36.0,84.0,73.0,2117.0,76.0,38.0,30.0,23.0,13241
11/5/26 17:06,37.90871,23.901558,100,18,36.0,84.0,74.0,2130.0,76.0,39.0,30.0,23.0,13410
11/5/26 17:06,37.908783,23.900823,100,18,35.0,84.0,70.0,2132.0,76.0,40.0,30.0,23.0,13323
11/5/26 17:06,37.90898,23.900123,102,18,35.0,84.0,71.0,2125.0,76.0,39.0,30.0,23.0,13339
11/5/26 17:06,37.90927,23.899515,101,18,36.0,84.0,73.0,2111.0,75.0,39.0,30.0,23.0,13285
11/5/26 17:06,37.909647,23.899007,97,18,34.0,84.0,68.0,2132.0,76.0,40.0,30.0,23.0,13352
11/5/26 17:06,37.910428,23.89828,93,18,35.0,83.0,70.0,2255.0,80.0,41.0,30.0,23.0,13410
11/5/26 17:07,37.911247,23.897563,90,18,43.0,83.0,87.0,2424.0,86.0,36.0,30.0,25.0,13397
11/5/26 17:07,37.912153,23.896743,88,17,42.0,83.0,86.0,2527.0,90.0,38.0,30.0,25.0,13350
11/5/26 17:07,37.913122,23.895962,97,16,41.0,83.0,84.0,2571.0,92.0,39.0,30.0,25.0,13353
11/5/26 17:07,37.914098,23.895248,96,16,40.0,83.0,84.0,2587.0,92.0,40.0,30.0,25.0,13350
11/5/26 17:07,37.914943,23.894757,95,17,40.0,83.0,83.0,2605.0,93.0,40.0,30.0,25.0,13358
11/5/26 17:07,37.915752,23.894242,94,18,27.0,83.0,50.0,2590.0,92.0,45.0,30.0,21.0,13324
11/5/26 17:07,37.916587,23.893718,94,18,34.0,83.0,72.0,2529.0,90.0,41.0,30.0,26.0,13364
11/5/26 17:07,37.91744,23.893242,92,18,47.0,83.0,95.0,2580.0,92.0,35.0,30.0,27.0,13382
11/5/26 17:07,37.918272,23.892738,95,18,44.0,83.0,91.0,2619.0,93.0,38.0,30.0,26.0,13364
11/5/26 17:07,37.919115,23.892227,97,18,44.0,83.0,90.0,2642.0,94.0,38.0,30.0,26.0,13344
11/5/26 17:07,37.919957,23.891675,99,18,43.0,83.0,89.0,2678.0,95.0,39.0,30.0,26.0,13215
11/5/26 17:07,37.920842,23.891183,99,18,43.0,83.0,89.0,2710.0,97.0,39.0,30.0,26.0,13375
11/5/26 17:07,37.921698,23.890652,99,18,42.0,83.0,88.0,2735.0,97.0,40.0,30.0,25.0,13371
11/5/26 17:07,37.922592,23.890128,102,18,41.0,83.0,86.0,2763.0,99.0,41.0,30.0,25.0,13369
11/5/26 17:07,37.923493,23.88962,104,18,40.0,83.0,84.0,2776.0,99.0,42.0,30.0,25.0,13360
11/5/26 17:08,37.924403,23.889143,105,18,38.0,83.0,81.0,2766.0,99.0,43.0,30.0,25.0,13338
11/5/26 17:08,37.925358,23.888715,106,18,38.0,83.0,82.0,2746.0,98.0,42.0,30.0,25.0,13369
11/5/26 17:08,37.926288,23.888335,106,18,39.0,83.0,83.0,2732.0,97.0,42.0,30.0,25.0,13386
11/5/26 17:08,37.92721,23.887968,107,18,39.0,83.0,83.0,2710.0,97.0,42.0,30.0,25.0,13367
11/5/26 17:08,37.928165,23.887662,106,19,30.0,83.0,65.0,2674.0,95.0,44.0,30.0,23.0,13384
11/5/26 17:08,37.929095,23.887387,106,19,31.0,83.0,65.0,2634.0,94.0,44.0,30.0,23.0,13375
11/5/26 17:08,37.93,23.887178,110,18,31.0,83.0,66.0,2584.0,92.0,44.0,30.0,23.0,13318
11/5/26 17:08,37.930915,23.886958,111,18,31.0,83.0,66.0,2551.0,91.0,43.0,30.0,23.0,13288
11/5/26 17:08,37.93201,23.886755,111,18,32.0,83.0,67.0,2505.0,89.0,43.0,30.0,23.0,13291
11/5/26 17:08,37.932918,23.886635,108,18,32.0,83.0,65.0,2474.0,88.0,43.0,30.0,23.0,13365
11/5/26 17:08,37.933997,23.88654,111,19,32.0,83.0,66.0,2423.0,86.0,42.0,29.0,23.0,13385
11/5/26 17:08,37.935073,23.886562,112,18,7.0,83.0,18.0,2331.0,83.0,19.0,29.0,15.0,13393
11/5/26 17:08,37.936055,23.886697,111,18,0.0,82.0,19.0,2043.0,73.0,27.0,30.0,15.0,13333
11/5/26 17:09,37.93709,23.886937,113,17,0.0,82.0,19.0,1707.0,61.0,27.0,31.0,14.0,13353
11/5/26 17:09,37.937383,23.887013,113,17,0.0,81.0,17.0,1401.0,50.0,25.0,31.0,12.0,13346
11/5/26 17:09,37.937698,23.88706,113,18,29.0,81.0,26.0,954.0,34.0,12.0,31.0,14.0,13258
11/5/26 17:09,37.93793,23.887095,113,18,33.0,81.0,28.0,835.0,21.0,5.0,31.0,14.0,13276
11/5/26 17:09,37.93804,23.887092,113,19,32.0,81.0,29.0,815.0,14.0,6.0,31.0,14.0,13280
11/5/26 17:09,37.938125,23.887085,113,18,32.0,82.0,28.0,807.0,5.0,6.0,31.0,14.0,13286
11/5/26 17:10,37.938177,23.88706,119,19,33.0,84.0,27.0,833.0,7.0,9.0,31.0,14.0,13318
11/5/26 17:11,37.938243,23.88706,120,18,37.0,84.0,28.0,756.0,0.0,7.0,32.0,14.0,13346
11/5/26 17:11,37.938243,23.88706,120,18,46.0,84.0,75.0,1265.0,6.0,23.0,32.0,20.0,13369
11/5/26 17:11,37.938328,23.887037,118,17,24.0,84.0,36.0,2085.0,14.0,40.0,31.0,19.0,13439
11/5/26 17:11,37.93845,23.88705,119,19,33.0,84.0,28.0,837.0,10.0,7.0,31.0,14.0,13340
11/5/26 17:11,37.938473,23.887047,119,19,33.0,84.0,29.0,815.0,5.0,6.0,31.0,14.0,13341
11/5/26 17:11,37.93849,23.887048,120,18,35.0,84.0,29.0,762.0,0.0,5.0,31.0,14.0,13354
11/5/26 17:11,37.93857,23.887135,114,19,54.0,85.0,99.0,1921.0,24.0,28.0,31.0,25.0,13459
11/5/26 17:11,37.938673,23.88712,115,19,66.0,85.0,112.0,1608.0,29.0,4.0,30.0,40.0,13449
11/5/26 17:11,37.9389,23.887083,116,19,51.0,85.0,102.0,2257.0,40.0,32.0,30.0,23.0,13461
11/5/26 17:11,37.939343,23.886943,119,19,77.0,85.0,129.0,2047.0,49.0,9.0,30.0,48.0,13426
11/5/26 17:12,37.939865,23.88687,115,18,87.0,85.0,102.0,1447.0,52.0,11.0,30.0,48.0,13435
11/5/26 17:12,37.940833,23.886718,112,18,86.0,85.0,143.0,1914.0,68.0,6.0,31.0,47.0,13468
11/5/26 17:12,37.941522,23.886633,112,19,65.0,86.0,114.0,2161.0,77.0,20.0,31.0,33.0,13438
11/5/26 17:12,37.942515,23.886547,114,19,57.0,85.0,106.0,2322.0,83.0,24.0,31.0,30.0,13451
11/5/26 17:12,37.94357,23.886505,114,19,55.0,84.0,105.0,2401.0,86.0,26.0,31.0,29.0,13470
11/5/26 17:12,37.944652,23.886493,118,19,55.0,83.0,104.0,2425.0,87.0,27.0,31.0,29.0,13455
11/5/26 17:12,37.945748,23.886532,123,19,54.0,83.0,103.0,2456.0,88.0,28.0,31.0,29.0,13465
11/5/26 17:12,37.946847,23.886515,123,19,58.0,83.0,109.0,2488.0,89.0,26.0,31.0,30.0,13461
11/5/26 17:12,37.94775,23.886515,127,19,56.0,83.0,107.0,2522.0,90.0,27.0,31.0,30.0,13424
11/5/26 17:12,37.948865,23.886468,130,19,56.0,83.0,106.0,2560.0,91.0,28.0,31.0,30.0,13447
11/5/26 17:12,37.949782,23.886465,132,19,56.0,83.0,107.0,2578.0,92.0,28.0,31.0,30.0,13462
11/5/26 17:12,37.950698,23.886463,135,19,56.0,83.0,107.0,2595.0,93.0,28.0,31.0,30.0,13462
11/5/26 17:13,37.951618,23.886465,138,19,56.0,83.0,106.0,2609.0,93.0,28.0,31.0,30.0,13443
11/5/26 17:13,37.952558,23.886483,139,19,55.0,83.0,104.0,2612.0,93.0,29.0,31.0,30.0,13449
11/5/26 17:13,37.95349,23.88649,141,17,56.0,83.0,107.0,2615.0,93.0,29.0,31.0,30.0,13456
11/5/26 17:13,37.954428,23.886508,143,16,54.0,83.0,104.0,2642.0,94.0,30.0,31.0,29.0,13455
11/5/26 17:13,37.955388,23.886498,146,16,54.0,83.0,103.0,2665.0,95.0,30.0,31.0,30.0,13451
11/5/26 17:13,37.956345,23.886515,147,16,53.0,83.0,103.0,2687.0,96.0,32.0,31.0,29.0,13435
11/5/26 17:13,37.957312,23.886503,148,16,52.0,83.0,102.0,2702.0,96.0,32.0,31.0,29.0,13417
11/5/26 17:13,37.958243,23.886525,147,17,50.0,83.0,100.0,2726.0,97.0,33.0,31.0,29.0,13422
11/5/26 17:13,37.959217,23.88648,149,18,50.0,83.0,100.0,2744.0,98.0,33.0,31.0,29.0,13428
11/5/26 17:13,37.960262,23.886395,148,18,50.0,83.0,99.0,2773.0,99.0,34.0,31.0,29.0,13290
11/5/26 17:13,37.961213,23.886275,147,16,49.0,83.0,99.0,2805.0,100.0,35.0,30.0,29.0,13210
11/5/26 17:13,37.962212,23.885992,152,17,49.0,83.0,97.0,2842.0,101.0,36.0,30.0,28.0,13426
11/5/26 17:13,37.963185,23.885623,157,18,47.0,83.0,96.0,2883.0,103.0,38.0,30.0,28.0,13411
11/5/26 17:13,37.964145,23.885222,163,18,46.0,83.0,93.0,2905.0,104.0,39.0,30.0,27.0,13423
11/5/26 17:13,37.965132,23.88476,165,18,37.0,83.0,81.0,2913.0,104.0,44.0,30.0,24.0,13415
11/5/26 17:14,37.966042,23.884182,167,17,32.0,82.0,71.0,2839.0,101.0,45.0,30.0,24.0,13414
11/5/26 17:14,37.966897,23.883535,168,17,35.0,82.0,76.0,2762.0,98.0,44.0,30.0,24.0,13444
11/5/26 17:14,37.967745,23.882867,172,17,36.0,82.0,77.0,2668.0,95.0,43.0,30.0,24.0,13506
11/5/26 17:14,37.96853,23.882145,175,17,37.0,83.0,78.0,2572.0,92.0,42.0,30.0,24.0,13467
11/5/26 17:14,37.969255,23.88142,174,17,38.0,83.0,80.0,2510.0,90.0,41.0,30.0,24.0,13466
11/5/26 17:14,37.969958,23.880693,171,16,38.0,83.0,79.0,2471.0,88.0,39.0,30.0,24.0,13493
11/5/26 17:14,37.9708,23.879803,176,16,39.0,83.0,80.0,2453.0,87.0,40.0,30.0,24.0,13473
11/5/26 17:14,37.971622,23.878912,181,17,38.0,83.0,79.0,2442.0,87.0,40.0,30.0,24.0,13443
11/5/26 17:14,37.971967,23.878562,184,16,38.0,83.0,80.0,2436.0,87.0,39.0,30.0,24.0,13446
11/5/26 17:14,37.972832,23.877692,187,17,38.0,83.0,80.0,2450.0,87.0,40.0,30.0,24.0,13486
11/5/26 17:14,37.973707,23.876822,180,18,37.0,83.0,79.0,2474.0,88.0,41.0,29.0,24.0,13475
11/5/26 17:14,37.97452,23.875892,179,19,38.0,83.0,78.0,2509.0,89.0,41.0,29.0,24.0,13460
11/5/26 17:14,37.975367,23.874982,177,19,37.0,83.0,77.0,2574.0,92.0,42.0,29.0,24.0,13348
11/5/26 17:14,37.976073,23.874247,175,19,29.0,82.0,57.0,2581.0,92.0,45.0,29.0,22.0,13232
11/5/26 17:15,37.9768,23.873505,173,19,28.0,82.0,55.0,2571.0,92.0,45.0,29.0,22.0,13219
11/5/26 17:15,37.977543,23.87278,168,19,28.0,82.0,55.0,2548.0,91.0,45.0,29.0,22.0,13488
11/5/26 17:15,37.978588,23.87175,165,17,29.0,82.0,57.0,2550.0,91.0,45.0,29.0,22.0,13474
11/5/26 17:15,37.979378,23.871165,167,17,29.0,82.0,57.0,2543.0,91.0,45.0,29.0,22.0,13464
11/5/26 17:15,37.980397,23.870603,166,17,29.0,82.0,58.0,2519.0,90.0,45.0,29.0,22.0,13472
11/5/26 17:15,37.981478,23.870225,168,17,29.0,82.0,58.0,2492.0,89.0,45.0,29.0,22.0,13470
11/5/26 17:15,37.98257,23.870047,167,17,32.0,82.0,66.0,2462.0,88.0,43.0,29.0,23.0,13475
11/5/26 17:15,37.983665,23.870105,166,17,32.0,82.0,64.0,2448.0,87.0,43.0,29.0,23.0,13409
11/5/26 17:15,37.984568,23.870273,166,17,32.0,83.0,65.0,2420.0,86.0,42.0,29.0,23.0,13414
11/5/26 17:15,37.985605,23.870553,165,17,36.0,83.0,73.0,2380.0,85.0,41.0,29.0,24.0,13396
11/5/26 17:15,37.986643,23.870903,160,17,35.0,83.0,71.0,2348.0,84.0,41.0,29.0,23.0,13210
11/5/26 17:15,37.98765,23.871218,163,17,43.0,83.0,85.0,2330.0,83.0,36.0,29.0,25.0,13435
11/5/26 17:15,37.988645,23.871548,164,17,39.0,83.0,78.0,2316.0,83.0,39.0,29.0,24.0,13425
11/5/26 17:16,37.989603,23.8719,172,18,39.0,83.0,78.0,2304.0,82.0,39.0,29.0,24.0,13406
11/5/26 17:16,37.990593,23.872237,178,18,38.0,83.0,76.0,2308.0,82.0,40.0,29.0,23.0,13469
11/5/26 17:16,37.991588,23.87262,180,18,10.0,83.0,18.0,2138.0,76.0,26.0,30.0,15.0,13463
11/5/26 17:16,37.992485,23.872978,183,18,24.0,83.0,30.0,1818.0,65.0,38.0,30.0,19.0,13471
11/5/26 17:16,37.993215,23.87322,189,18,63.0,82.0,110.0,1781.0,64.0,17.0,30.0,29.0,13454
11/5/26 17:16,37.993698,23.873185,193,18,55.0,83.0,101.0,1746.0,62.0,22.0,30.0,27.0,13428
11/5/26 17:16,37.99415,23.873072,194,18,41.0,83.0,82.0,1779.0,63.0,34.0,30.0,22.0,13475
11/5/26 17:16,37.994605,23.872773,194,18,28.0,84.0,51.0,1788.0,64.0,43.0,29.0,20.0,13462
11/5/26 17:16,37.994965,23.872392,198,18,15.0,84.0,23.0,1817.0,65.0,31.0,30.0,16.0,13453
11/5/26 17:16,37.995298,23.871908,192,18,27.0,84.0,39.0,1907.0,68.0,42.0,30.0,19.0,13460
11/5/26 17:16,37.99556,23.871335,188,17,18.0,83.0,26.0,2065.0,74.0,35.0,30.0,18.0,13462
11/5/26 17:16,37.995798,23.870178,185,15,39.0,83.0,65.0,2232.0,79.0,38.0,30.0,28.0,13467
11/5/26 17:16,37.996018,23.868955,188,15,45.0,82.0,89.0,2410.0,86.0,35.0,30.0,26.0,13423
11/5/26 17:16,37.996163,23.86758,188,14,67.0,82.0,116.0,2566.0,91.0,24.0,30.0,33.0,13437
11/5/26 17:17,37.996338,23.866398,189,15,58.0,83.0,108.0,2719.0,97.0,29.0,30.0,31.0,13444
11/5/26 17:17,37.996488,23.865165,186,15,56.0,83.0,106.0,2841.0,101.0,32.0,30.0,31.0,13465
11/5/26 17:17,37.996568,23.863905,185,15,54.0,83.0,104.0,2945.0,105.0,34.0,30.0,30.0,13466
11/5/26 17:17,37.99671,23.862563,184,15,43.0,84.0,88.0,2984.0,106.0,43.0,30.0,27.0,13487
11/5/26 17:17,37.996865,23.861245,190,15,39.0,83.0,83.0,2957.0,105.0,44.0,30.0,25.0,13452
11/5/26 17:17,37.997018,23.85993,189,17,35.0,83.0,76.0,2930.0,104.0,45.0,30.0,25.0,13476
11/5/26 17:17,37.99718,23.85866,188,17,37.0,83.0,80.0,2923.0,104.0,44.0,30.0,25.0,13466
11/5/26 17:17,37.997323,23.857343,188,17,39.0,83.0,81.0,2899.0,103.0,43.0,30.0,25.0,13476
11/5/26 17:17,37.997482,23.856058,193,17,41.0,83.0,86.0,2789.0,99.0,41.0,30.0,25.0,13471
11/5/26 17:17,37.997605,23.854815,200,16,42.0,83.0,89.0,2734.0,98.0,40.0,30.0,26.0,13467
11/5/26 17:17,37.997685,23.853598,200,16,42.0,83.0,88.0,2738.0,98.0,40.0,30.0,25.0,13449
11/5/26 17:17,37.997658,23.852365,199,16,43.0,83.0,89.0,2752.0,98.0,39.0,30.0,26.0,13394
11/5/26 17:17,37.997617,23.851148,195,15,62.0,83.0,112.0,2789.0,99.0,28.0,30.0,32.0,13466
11/5/26 17:17,37.997498,23.849882,200,15,57.0,83.0,108.0,2793.0,100.0,30.0,30.0,31.0,13459
11/5/26 17:17,37.997185,23.848687,204,15,56.0,84.0,107.0,2744.0,98.0,30.0,31.0,31.0,13452
11/5/26 17:18,37.99688,23.847512,207,15,56.0,84.0,107.0,2667.0,95.0,29.0,31.0,31.0,13454
11/5/26 17:18,37.996685,23.846383,210,14,58.0,84.0,108.0,2586.0,92.0,27.0,31.0,31.0,13437
11/5/26 17:18,37.996673,23.84573,213,13,61.0,84.0,111.0,2542.0,91.0,26.0,31.0,32.0,13461
11/5/26 17:18,37.996828,23.845177,221,14,64.0,84.0,114.0,2509.0,89.0,24.0,31.0,32.0,13427
11/5/26 17:18,37.997322,23.844298,220,13,67.0,84.0,115.0,2468.0,88.0,23.0,31.0,33.0,13445
11/5/26 17:18,37.997528,23.844155,222,15,69.0,84.0,119.0,2459.0,88.0,21.0,31.0,34.0,13467
11/5/26 17:18,37.997915,23.84392,229,14,69.0,84.0,120.0,2448.0,87.0,21.0,31.0,34.0,13468
11/5/26 17:18,37.998355,23.843787,235,16,73.0,84.0,122.0,2457.0,88.0,18.0,31.0,37.0,13444
11/5/26 17:18,37.99881,23.843757,239,16,74.0,84.0,123.0,2458.0,88.0,17.0,31.0,38.0,13403
11/5/26 17:18,37.999228,23.843863,241,16,74.0,85.0,123.0,2467.0,88.0,18.0,31.0,37.0,13459
11/5/26 17:18,37.999633,23.8441,245,16,74.0,85.0,123.0,2479.0,88.0,18.0,31.0,37.0,13495
11/5/26 17:18,38.000362,23.844785,249,17,72.0,85.0,121.0,2538.0,90.0,20.0,31.0,36.0,13455
11/5/26 17:18,38.001118,23.845458,243,16,62.0,84.0,112.0,2608.0,93.0,27.0,31.0,32.0,13015
11/5/26 17:18,38.001857,23.845845,238,11,50.0,84.0,99.0,2597.0,93.0,32.0,31.0,28.0,13209
11/5/26 17:18,38.00228,23.846093,233,10,50.0,84.0,100.0,2592.0,92.0,32.0,31.0,28.0,13077
11/5/26 17:18,38.002527,23.846118,233,11,50.0,84.0,99.0,2592.0,92.0,32.0,31.0,28.0,13361
11/5/26 17:18,38.002977,23.846137,232,13,50.0,84.0,99.0,2600.0,93.0,32.0,31.0,29.0,13319
11/5/26 17:18,38.003423,23.845993,231,14,50.0,84.0,98.0,2623.0,94.0,32.0,31.0,28.0,13433
11/5/26 17:18,38.003812,23.845702,238,14,46.0,84.0,93.0,2660.0,95.0,36.0,31.0,27.0,13468
11/5/26 17:18,38.004743,23.844913,247,14,38.0,84.0,82.0,2778.0,99.0,42.0,30.0,25.0,13469
11/5/26 17:18,38.005582,23.84427,246,14,32.0,83.0,69.0,2865.0,102.0,45.0,30.0,24.0,13487
11/5/26 17:18,38.006533,23.843835,253,15,15.0,83.0,26.0,2873.0,102.0,35.0,30.0,19.0,13461
11/5/26 17:19,38.007527,23.843485,256,15,0.0,82.0,17.0,2812.0,100.0,26.0,30.0,16.0,13456
11/5/26 17:19,38.008482,23.843098,258,15,0.0,81.0,19.0,2620.0,93.0,27.0,31.0,16.0,13384
11/5/26 17:19,38.008725,23.842978,258,14,0.0,81.0,19.0,2553.0,91.0,28.0,31.0,16.0,13492
11/5/26 17:19,38.009267,23.84256,260,13,18.0,81.0,25.0,2364.0,84.0,35.0,31.0,18.0,13492
11/5/26 17:19,38.009333,23.842325,261,13,27.0,81.0,38.0,2285.0,82.0,44.0,31.0,21.0,13483
11/5/26 17:19,38.009578,23.841602,264,15,41.0,81.0,78.0,2209.0,79.0,36.0,30.0,25.0,13481
11/5/26 17:19,38.009578,23.841298,268,15,40.0,81.0,79.0,2200.0,78.0,37.0,30.0,24.0,13479
11/5/26 17:19,38.009582,23.840773,268,17,38.0,81.0,76.0,2163.0,77.0,38.0,30.0,23.0,13478
11/5/26 17:19,38.009488,23.83958,274,17,42.0,83.0,83.0,2198.0,78.0,36.0,30.0,24.0,13497
11/5/26 17:19,38.009262,23.83832,272,17,55.0,84.0,103.0,2342.0,83.0,26.0,30.0,29.0,13466
11/5/26 17:19,38.009087,23.837852,273,17,51.0,84.0,97.0,2403.0,86.0,30.0,30.0,27.0,13476
11/5/26 17:19,38.008808,23.837478,271,17,50.0,84.0,96.0,2421.0,86.0,31.0,30.0,27.0,13472
11/5/26 17:19,38.008058,23.83673,273,13,55.0,84.0,103.0,2483.0,89.0,28.0,30.0,29.0,13479
11/5/26 17:19,38.007542,23.836843,284,16,54.0,84.0,103.0,2512.0,90.0,29.0,30.0,29.0,13479
11/5/26 17:19,38.00746,23.836902,285,10,53.0,84.0,101.0,2515.0,90.0,30.0,30.0,29.0,13475
11/5/26 17:19,38.006775,23.836665,288,10,53.0,84.0,101.0,2505.0,89.0,29.0,30.0,29.0,13486
11/5/26 17:19,38.006362,23.836743,288,10,53.0,84.0,101.0,2507.0,89.0,30.0,30.0,29.0,13477
11/5/26 17:19,38.005123,23.836772,292,5,64.0,83.0,113.0,2526.0,90.0,25.0,30.0,32.0,13460
11/5/26 17:19,38.005182,23.836917,296,4,65.0,84.0,115.0,2571.0,92.0,25.0,30.0,33.0,13443
11/5/26 17:19,38.005132,23.836977,299,4,65.0,84.0,114.0,2593.0,93.0,25.0,30.0,33.0,13536
11/5/26 17:20,38.001453,23.83213,315,9,64.0,84.0,115.0,2815.0,100.0,28.0,31.0,34.0,13480
11/5/26 17:20,37.998377,23.827153,317,6,55.0,84.0,106.0,2883.0,103.0,32.0,31.0,31.0,13488
11/5/26 17:20,37.997657,23.826215,320,11,55.0,84.0,106.0,2860.0,102.0,32.0,31.0,31.0,13477
11/5/26 17:20,37.996993,23.8253,322,6,44.0,84.0,90.0,2792.0,100.0,39.0,30.0,27.0,13396
11/5/26 17:20,37.995923,23.824097,327,4,44.0,84.0,91.0,2697.0,96.0,38.0,30.0,27.0,13478
11/5/26 17:20,37.99561,23.823877,326,7,40.0,84.0,84.0,2666.0,95.0,41.0,30.0,25.0,13455
11/5/26 17:20,37.995177,23.823332,327,7,38.0,84.0,82.0,2648.0,94.0,43.0,30.0,23.0,13456
11/5/26 17:20,37.994465,23.82243,329,10,27.0,83.0,48.0,2603.0,93.0,47.0,29.0,21.0,13454
11/5/26 17:20,37.994133,23.822075,329,10,28.0,83.0,54.0,2594.0,93.0,45.0,30.0,22.0,13490
11/5/26 17:20,37.993793,23.821625,328,12,27.0,83.0,52.0,2603.0,93.0,45.0,30.0,22.0,13426
11/5/26 17:20,37.993133,23.820793,325,12,28.0,83.0,53.0,2675.0,95.0,46.0,29.0,23.0,13449
11/5/26 17:21,37.992572,23.8198,327,10,27.0,83.0,51.0,2763.0,98.0,47.0,29.0,23.0,13501
11/5/26 17:21,37.992245,23.81892,326,14,29.0,82.0,63.0,2837.0,101.0,46.0,29.0,23.0,13493
11/5/26 17:21,37.992003,23.818,326,15,28.0,82.0,61.0,2903.0,103.0,47.0,29.0,23.0,13487
11/5/26 17:21,37.991813,23.816665,329,14,14.0,82.0,24.0,2956.0,105.0,33.0,29.0,19.0,13447
11/5/26 17:21,37.991647,23.815605,332,14,14.0,82.0,24.0,2913.0,104.0,34.0,29.0,19.0,13484
11/5/26 17:21,37.991098,23.814437,332,12,14.0,81.0,24.0,2855.0,102.0,33.0,30.0,19.0,13183
11/5/26 17:21,37.990565,23.813693,336,11,17.0,81.0,27.0,2808.0,100.0,38.0,30.0,20.0,13267
11/5/26 17:21,37.99034,23.813533,337,10,18.0,81.0,29.0,2774.0,99.0,39.0,30.0,20.0,12902
11/5/26 17:21,37.989985,23.81351,337,13,20.0,81.0,32.0,2753.0,98.0,40.0,30.0,20.0,12855
11/5/26 17:21,37.989192,23.813423,335,13,20.0,81.0,32.0,2721.0,97.0,39.0,30.0,20.0,13272
11/5/26 17:21,37.98817,23.813418,327,15,30.0,81.0,63.0,2694.0,96.0,45.0,30.0,23.0,13432
11/5/26 17:21,37.987262,23.813255,315,14,37.0,82.0,78.0,2758.0,98.0,44.0,29.0,25.0,13496
11/5/26 17:21,37.986627,23.812792,306,14,36.0,82.0,77.0,2794.0,100.0,44.0,29.0,25.0,13489
11/5/26 17:21,37.986228,23.812435,307,15,29.0,82.0,64.0,2812.0,100.0,46.0,29.0,23.0,13457
11/5/26 17:21,37.98559,23.811398,313,16,29.0,83.0,64.0,2819.0,100.0,46.0,29.0,23.0,13447
11/5/26 17:21,37.98515,23.810235,318,16,29.0,83.0,64.0,2829.0,101.0,46.0,29.0,23.0,13407
11/5/26 17:21,37.984747,23.809083,316,16,29.0,83.0,64.0,2846.0,101.0,46.0,29.0,23.0,13437
11/5/26 17:21,37.98428,23.807937,313,16,24.0,82.0,44.0,2848.0,102.0,45.0,29.0,21.0,13395
11/5/26 17:21,37.983968,23.807417,309,16,24.0,82.0,44.0,2857.0,102.0,45.0,29.0,21.0,13480
11/5/26 17:22,37.983555,23.807027,305,16,21.0,82.0,38.0,2858.0,102.0,42.0,29.0,21.0,13471
11/5/26 17:22,37.982867,23.806593,303,16,21.0,82.0,38.0,2869.0,102.0,42.0,29.0,21.0,13451
11/5/26 17:22,37.982128,23.806408,297,15,21.0,81.0,37.0,2894.0,103.0,42.0,29.0,21.0,13542
11/5/26 17:22,37.981118,23.806182,293,17,21.0,81.0,36.0,2933.0,105.0,42.0,29.0,21.0,13497
11/5/26 17:22,37.980375,23.805782,290,17,22.0,81.0,40.0,2951.0,105.0,42.0,29.0,21.0,13475
11/5/26 17:22,37.979713,23.805252,291,16,20.0,81.0,36.0,2954.0,105.0,41.0,29.0,21.0,13468
11/5/26 17:22,37.97884,23.804313,301,13,21.0,81.0,37.0,2943.0,105.0,42.0,29.0,21.0,13383
11/5/26 17:22,37.97839,23.803455,309,14,21.0,81.0,37.0,2937.0,105.0,41.0,29.0,21.0,13458
11/5/26 17:22,37.9782,23.802835,308,14,21.0,81.0,36.0,2938.0,105.0,41.0,29.0,21.0,13391
11/5/26 17:22,37.978002,23.801532,309,16,21.0,81.0,36.0,2924.0,104.0,41.0,29.0,21.0,13453
11/5/26 17:22,37.977795,23.800272,301,16,21.0,81.0,35.0,2910.0,104.0,41.0,29.0,21.0,13442
11/5/26 17:22,37.977355,23.799088,292,16,21.0,81.0,35.0,2915.0,104.0,41.0,29.0,21.0,13481
11/5/26 17:22,37.976782,23.797978,288,17,3.0,81.0,18.0,2919.0,104.0,26.0,29.0,16.0,13474
11/5/26 17:22,37.976358,23.79715,282,16,12.0,81.0,20.0,2904.0,103.0,30.0,29.0,18.0,13508
11/5/26 17:22,37.976003,23.79669,279,16,0.0,81.0,19.0,2893.0,103.0,28.0,29.0,17.0,13470
11/5/26 17:22,37.97513,23.795982,274,16,38.0,81.0,79.0,2777.0,99.0,40.0,29.0,29.0,13459
11/5/26 17:22,37.974367,23.795143,272,17,37.0,81.0,78.0,2910.0,104.0,44.0,29.0,25.0,13438
11/5/26 17:22,37.974075,23.794607,269,17,22.0,81.0,39.0,2905.0,104.0,42.0,28.0,21.0,13514
11/5/26 17:23,37.973618,23.79343,269,16,20.0,81.0,32.0,2767.0,99.0,40.0,29.0,20.0,13398
11/5/26 17:23,37.9732,23.792688,268,16,16.0,82.0,25.0,2610.0,93.0,35.0,29.0,18.0,13297
11/5/26 17:23,37.972833,23.792313,265,16,12.0,82.0,21.0,2440.0,88.0,17.0,29.0,16.0,13371
11/5/26 17:23,37.97242,23.79205,265,16,9.0,82.0,17.0,2306.0,82.0,25.0,29.0,15.0,13433
11/5/26 17:23,37.971817,23.791878,269,16,22.0,82.0,29.0,2103.0,75.0,38.0,29.0,19.0,13378
11/5/26 17:23,37.970903,23.791637,275,16,20.0,82.0,27.0,1831.0,65.0,36.0,30.0,18.0,13095
11/5/26 17:23,37.970458,23.791322,278,16,13.0,82.0,22.0,1699.0,62.0,17.0,30.0,14.0,13407
11/5/26 17:23,37.969678,23.790703,282,16,25.0,83.0,38.0,1668.0,59.0,39.0,30.0,18.0,13518
11/5/26 17:23,37.968892,23.79026,279,17,29.0,83.0,54.0,1740.0,62.0,41.0,29.0,20.0,13457
11/5/26 17:23,37.967952,23.789972,278,16,23.0,83.0,33.0,1828.0,65.0,38.0,29.0,18.0,13383
11/5/26 17:23,37.966792,23.789762,284,16,25.0,83.0,36.0,1896.0,67.0,41.0,29.0,19.0,13433
11/5/26 17:23,37.966173,23.789452,282,16,24.0,83.0,34.0,2003.0,71.0,40.0,29.0,19.0,13452
11/5/26 17:23,37.965712,23.789072,284,15,7.0,83.0,19.0,2047.0,73.0,21.0,29.0,16.0,13468
11/5/26 17:23,37.965453,23.788737,284,14,7.0,83.0,19.0,2029.0,72.0,21.0,29.0,16.0,13451
11/5/26 17:23,37.965265,23.788365,282,14,7.0,83.0,19.0,1994.0,71.0,21.0,30.0,16.0,13445
11/5/26 17:23,37.96507,23.787742,281,15,0.0,82.0,20.0,1923.0,69.0,28.0,30.0,15.0,13463
11/5/26 17:24,37.964993,23.787078,281,14,11.0,82.0,18.0,1898.0,68.0,26.0,30.0,15.0,13470
11/5/26 17:24,37.965045,23.785822,271,14,24.0,81.0,35.0,1992.0,71.0,40.0,30.0,19.0,13473
11/5/26 17:24,37.965015,23.784915,264,14,22.0,81.0,31.0,2153.0,77.0,39.0,30.0,19.0,13473
11/5/26 17:24,37.964827,23.784155,264,15,7.0,81.0,17.0,2254.0,80.0,24.0,29.0,15.0,13457
11/5/26 17:24,37.964487,23.783508,258,16,0.0,82.0,19.0,2353.0,84.0,28.0,30.0,16.0,13461
11/5/26 17:24,37.963833,23.782497,251,16,0.0,81.0,19.0,2447.0,87.0,28.0,30.0,16.0,13465
11/5/26 17:24,37.963673,23.781972,245,16,13.0,81.0,20.0,2423.0,86.0,30.0,30.0,17.0,13468
11/5/26 17:24,37.963367,23.780678,244,16,1.0,81.0,19.0,2288.0,82.0,27.0,30.0,16.0,13445
11/5/26 17:24,37.963125,23.779973,251,16,9.0,81.0,16.0,2220.0,78.0,26.0,30.0,15.0,13473
11/5/26 17:24,37.962887,23.779565,248,16,12.0,81.0,19.0,2184.0,78.0,27.0,30.0,16.0,13436
11/5/26 17:24,37.962472,23.779062,244,16,0.0,81.0,18.0,2179.0,78.0,26.0,30.0,15.0,13467
11/5/26 17:24,37.962045,23.778578,238,16,0.0,81.0,19.0,1925.0,69.0,28.0,30.0,15.0,13443
11/5/26 17:24,37.961807,23.778232,236,16,0.0,81.0,19.0,1673.0,60.0,27.0,30.0,14.0,13429
11/5/26 17:24,37.961578,23.77759,231,16,0.0,81.0,19.0,1446.0,52.0,26.0,31.0,14.0,13418
11/5/26 17:24,37.961185,23.77655,227,16,48.0,81.0,92.0,1528.0,55.0,26.0,30.0,23.0,13460
11/5/26 17:25,37.960725,23.775477,234,16,9.0,83.0,16.0,1415.0,50.0,12.0,29.0,12.0,13441
11/5/26 17:25,37.960447,23.774982,238,15,36.0,83.0,49.0,1254.0,45.0,27.0,30.0,19.0,13392
11/5/26 17:25,37.960218,23.774717,243,15,21.0,83.0,23.0,1069.0,44.0,12.0,30.0,14.0,13407
11/5/26 17:25,37.959935,23.774473,244,15,32.0,84.0,28.0,848.0,42.0,9.0,30.0,14.0,13392
11/5/26 17:25,37.95954,23.774308,243,15,33.0,84.0,29.0,803.0,33.0,7.0,30.0,14.0,13340
11/5/26 17:25,37.959307,23.774247,240,16,39.0,84.0,30.0,834.0,34.0,255.0,30.0,14.0,13363
11/5/26 17:25,37.958778,23.774207,234,16,35.0,84.0,67.0,1507.0,45.0,33.0,30.0,21.0,13450
11/5/26 17:25,37.958327,23.774315,233,16,25.0,84.0,25.0,982.0,49.0,9.0,30.0,14.0,13377
11/5/26 17:25,37.957857,23.774458,231,16,34.0,84.0,29.0,811.0,51.0,4.0,30.0,14.0,13346
11/5/26 17:25,37.957,23.774883,229,15,31.0,84.0,42.0,1781.0,50.0,37.0,30.0,14.0,13420
11/5/26 17:25,37.956733,23.774917,230,16,24.0,84.0,25.0,957.0,48.0,4.0,30.0,14.0,13436
11/5/26 17:25,37.956365,23.77492,234,16,33.0,84.0,29.0,810.0,42.0,6.0,30.0,14.0,13368
11/5/26 17:25,37.956257,23.774832,236,16,33.0,84.0,28.0,804.0,40.0,6.0,30.0,14.0,13379
11/5/26 17:25,37.956158,23.774763,235,16,33.0,84.0,28.0,806.0,39.0,5.0,30.0,14.0,13401
11/5/26 17:25,37.956102,23.774675,237,16,33.0,84.0,28.0,801.0,38.0,7.0,31.0,14.0,13381
11/5/26 17:25,37.956077,23.774595,238,16,34.0,84.0,28.0,796.0,39.0,7.0,31.0,14.0,13375
11/5/26 17:25,37.956068,23.774443,239,16,33.0,84.0,28.0,798.0,41.0,6.0,31.0,14.0,13376
11/5/26 17:25,37.95611,23.774183,236,16,32.0,84.0,28.0,802.0,45.0,7.0,31.0,14.0,13366
11/5/26 17:25,37.95626,23.773092,230,15,33.0,84.0,28.0,802.0,58.0,7.0,31.0,14.0,13454
11/5/26 17:26,37.956358,23.772368,222,14,32.0,83.0,28.0,805.0,63.0,7.0,31.0,14.0,13372
11/5/26 17:26,37.956418,23.7722,220,14,33.0,83.0,28.0,803.0,64.0,7.0,31.0,14.0,13395
11/5/26 17:26,37.957055,23.771233,209,13,33.0,83.0,28.0,799.0,72.0,7.0,31.0,14.0,13444
11/5/26 17:26,37.957485,23.77049,207,14,33.0,83.0,28.0,796.0,57.0,8.0,31.0,14.0,13325
11/5/26 17:26,37.957557,23.770332,206,15,33.0,83.0,28.0,804.0,54.0,6.0,31.0,14.0,13428
11/5/26 17:26,37.957782,23.76969,199,16,33.0,83.0,29.0,805.0,48.0,5.0,31.0,14.0,13382
11/5/26 17:26,37.957785,23.769543,198,16,32.0,83.0,27.0,801.0,50.0,7.0,31.0,14.0,13398
11/5/26 17:26,37.95779,23.769382,199,15,32.0,83.0,28.0,802.0,51.0,6.0,31.0,14.0,13412
11/5/26 17:26,37.957485,23.768215,197,15,34.0,83.0,28.0,793.0,58.0,9.0,31.0,14.0,13394
11/5/26 17:26,37.957132,23.767015,195,15,33.0,83.0,28.0,799.0,52.0,8.0,31.0,14.0,13393
11/5/26 17:26,37.957012,23.76656,197,15,34.0,83.0,28.0,794.0,42.0,8.0,31.0,14.0,13339
11/5/26 17:26,37.95701,23.766418,197,15,34.0,83.0,28.0,798.0,36.0,7.0,31.0,14.0,13349
11/5/26 17:26,37.957048,23.766215,199,16,32.0,83.0,28.0,801.0,33.0,5.0,31.0,14.0,13367
11/5/26 17:26,37.957058,23.765843,198,16,33.0,83.0,27.0,801.0,33.0,9.0,31.0,14.0,13394
11/5/26 17:26,37.957025,23.76555,198,15,32.0,83.0,28.0,802.0,26.0,7.0,31.0,14.0,13349
11/5/26 17:26,37.957048,23.76539,199,16,32.0,83.0,28.0,805.0,23.0,6.0,31.0,14.0,13381
11/5/26 17:26,37.957303,23.764817,199,14,33.0,83.0,29.0,804.0,20.0,6.0,31.0,14.0,13383
11/5/26 17:26,37.957303,23.764673,199,15,32.0,83.0,28.0,805.0,20.0,6.0,31.0,14.0,13377
11/5/26 17:27,37.957237,23.764497,201,14,34.0,83.0,28.0,789.0,18.0,8.0,31.0,14.0,13349
11/5/26 17:27,37.957212,23.764435,202,14,34.0,83.0,29.0,805.0,19.0,6.0,31.0,14.0,13345
11/5/26 17:27,37.957173,23.764318,203,14,33.0,83.0,28.0,803.0,19.0,7.0,31.0,14.0,13391
11/5/26 17:27,37.957175,23.764187,204,14,33.0,83.0,28.0,791.0,13.0,8.0,31.0,14.0,13361
11/5/26 17:27,37.957207,23.764017,198,15,12.0,83.0,25.0,952.0,12.0,240.0,31.0,14.0,13348
11/5/26 17:27,37.957203,23.763995,195,15,25.0,83.0,25.0,871.0,11.0,3.0,31.0,14.0,13164
11/5/26 17:27,37.957205,23.763962,192,15,64.0,83.0,85.0,1053.0,12.0,17.0,31.0,21.0,13351
11/5/26 17:27,37.957205,23.763512,181,15,15.0,83.0,31.0,1346.0,24.0,255.0,30.0,14.0,13535
11/5/26 17:27,37.957108,23.762397,180,14,34.0,83.0,28.0,799.0,27.0,6.0,31.0,14.0,13483
11/5/26 17:27,37.957028,23.762138,181,14,33.0,83.0,28.0,804.0,25.0,6.0,31.0,14.0,13410
11/5/26 17:27,37.956958,23.76201,182,13,31.0,83.0,28.0,809.0,25.0,4.0,31.0,14.0,13472
11/5/26 17:27,37.956848,23.76182,182,13,33.0,83.0,28.0,802.0,27.0,8.0,31.0,14.0,13442
11/5/26 17:27,37.956732,23.76162,182,12,32.0,83.0,28.0,805.0,25.0,6.0,31.0,14.0,13495
11/5/26 17:27,37.956442,23.761195,175,13,33.0,83.0,28.0,799.0,16.0,7.0,31.0,14.0,13496
11/5/26 17:27,37.956345,23.76105,168,13,34.0,83.0,28.0,796.0,10.0,8.0,31.0,14.0,13451
11/5/26 17:28,37.956322,23.761023,167,13,33.0,83.0,28.0,803.0,7.0,7.0,31.0,14.0,13500
11/5/26 17:28,37.956285,23.760988,166,12,33.0,83.0,28.0,808.0,5.0,6.0,31.0,14.0,13452
11/5/26 17:28,37.956277,23.760842,170,14,33.0,84.0,29.0,806.0,7.0,6.0,31.0,14.0,13465
11/5/26 17:28,37.956103,23.760675,185,13,33.0,84.0,29.0,808.0,8.0,6.0,31.0,14.0,13379
11/5/26 17:29,37.95583,23.760305,183,13,33.0,84.0,28.0,805.0,11.0,6.0,31.0,14.0,13495
11/5/26 17:29,37.955743,23.760182,180,13,34.0,84.0,28.0,792.0,15.0,9.0,31.0,14.0,13507
11/5/26 17:29,37.955392,23.759685,170,14,34.0,84.0,28.0,795.0,20.0,8.0,31.0,14.0,13472
11/5/26 17:29,37.955295,23.759608,170,15,33.0,84.0,29.0,806.0,14.0,5.0,31.0,14.0,13462
11/5/26 17:29,37.955223,23.759592,169,14,32.0,84.0,28.0,798.0,12.0,6.0,31.0,14.0,13464
11/5/26 17:29,37.9552,23.759603,169,14,32.0,84.0,28.0,797.0,12.0,7.0,31.0,14.0,13444
11/5/26 17:29,37.954965,23.759688,168,16,32.0,85.0,28.0,800.0,7.0,8.0,31.0,14.0,13485
11/5/26 17:29,37.954883,23.759698,166,16,34.0,85.0,28.0,798.0,7.0,7.0,31.0,14.0,13408
11/5/26 17:29,37.954843,23.75968,165,16,61.0,85.0,46.0,746.0,9.0,3.0,31.0,17.0,13393
11/5/26 17:29,37.954825,23.759657,166,15,62.0,85.0,66.0,899.0,11.0,5.0,31.0,19.0,13387
11/5/26 17:29,37.954813,23.759627,166,16,81.0,85.0,99.0,1158.0,14.0,9.0,31.0,39.0,13458
11/5/26 17:29,37.954808,23.759597,165,16,65.0,85.0,101.0,1547.0,19.0,16.0,31.0,26.0,13438
11/5/26 17:29,37.954815,23.759553,165,16,46.0,85.0,87.0,1925.0,24.0,34.0,31.0,24.0,13428
11/5/26 17:29,37.954893,23.759352,164,14,3.0,85.0,19.0,1620.0,26.0,27.0,30.0,14.0,13562
11/5/26 17:30,37.95524,23.758597,161,13,36.0,84.0,31.0,806.0,26.0,6.0,31.0,14.0,13399
11/5/26 17:30,37.955318,23.758472,162,13,36.0,84.0,31.0,801.0,26.0,6.0,31.0,14.0,13378
11/5/26 17:30,37.955617,23.75804,160,14,32.0,84.0,28.0,811.0,25.0,6.0,31.0,14.0,13490
11/5/26 17:30,37.955815,23.75764,158,15,34.0,84.0,29.0,797.0,25.0,7.0,31.0,14.0,13506
11/5/26 17:30,37.95608,23.757158,158,14,33.0,85.0,29.0,804.0,25.0,5.0,32.0,14.0,13501
11/5/26 17:30,37.956282,23.756653,152,15,32.0,85.0,28.0,801.0,27.0,8.0,32.0,14.0,13501
11/5/26 17:30,37.95671,23.755563,144,13,32.0,85.0,28.0,802.0,24.0,8.0,32.0,14.0,13480
11/5/26 17:30,37.956915,23.754927,145,13,33.0,84.0,28.0,797.0,24.0,8.0,32.0,14.0,13485
11/5/26 17:31,37.957023,23.75453,143,14,33.0,84.0,28.0,798.0,23.0,8.0,32.0,14.0,13559
11/5/26 17:31,37.957152,23.754225,142,11,33.0,84.0,28.0,797.0,18.0,8.0,32.0,14.0,13501
11/5/26 17:31,37.957193,23.754132,141,10,33.0,84.0,28.0,798.0,15.0,8.0,32.0,14.0,13475
11/5/26 17:31,37.957223,23.7541,140,9,33.0,84.0,29.0,804.0,12.0,6.0,32.0,14.0,13433
11/5/26 17:31,37.957277,23.754037,139,11,31.0,84.0,28.0,805.0,14.0,6.0,32.0,14.0,13350
11/5/26 17:31,37.957283,23.754013,139,10,33.0,84.0,28.0,795.0,15.0,8.0,32.0,14.0,13442
11/5/26 17:31,37.957298,23.753945,137,11,63.0,84.0,95.0,1380.0,16.0,12.0,32.0,31.0,13415
11/5/26 17:31,37.957283,23.75397,138,11,65.0,84.0,34.0,850.0,15.0,9.0,32.0,20.0,13425
11/5/26 17:31,37.957293,23.753903,137,12,82.0,84.0,121.0,1764.0,22.0,5.0,32.0,48.0,13496
11/5/26 17:31,37.957268,23.753848,137,12,58.0,84.0,101.0,2391.0,30.0,29.0,32.0,27.0,13570
11/5/26 17:31,37.957152,23.753785,136,11,0.0,84.0,19.0,1572.0,31.0,27.0,31.0,14.0,13556
11/5/26 17:31,37.957025,23.753733,137,11,29.0,84.0,27.0,884.0,17.0,8.0,31.0,14.0,13470
11/5/26 17:31,37.956913,23.753702,137,11,31.0,84.0,28.0,810.0,16.0,6.0,31.0,14.0,13136
11/5/26 17:31,37.956857,23.753665,137,11,34.0,84.0,29.0,805.0,17.0,6.0,31.0,14.0,13005
11/5/26 17:31,37.9569,23.75356,138,12,32.0,84.0,29.0,815.0,17.0,5.0,31.0,14.0,12924
11/5/26 17:31,37.956872,23.753355,137,12,32.0,84.0,29.0,806.0,17.0,6.0,32.0,14.0,13136
11/5/26 17:31,37.956872,23.753148,138,13,70.0,84.0,95.0,920.0,6.0,251.0,32.0,27.0,13205
11/5/26 17:31,37.956845,23.753107,139,13,46.0,84.0,78.0,1635.0,20.0,30.0,32.0,23.0,13466
11/5/26 17:31,37.956828,23.753088,140,13,38.0,84.0,33.0,1192.0,22.0,9.0,31.0,24.0,13500
11/5/26 17:31,37.956758,23.753057,141,13,54.0,84.0,98.0,1710.0,31.0,23.0,31.0,25.0,13561
11/5/26 17:31,37.956625,23.753043,141,13,35.0,84.0,68.0,2007.0,36.0,41.0,31.0,20.0,13548
11/5/26 17:31,37.956075,23.752977,142,12,52.0,84.0,99.0,2119.0,51.0,28.0,31.0,26.0,13663
11/5/26 17:31,37.955827,23.75295,143,12,30.0,84.0,57.0,2252.0,54.0,43.0,30.0,22.0,13481
11/5/26 17:31,37.95525,23.752847,142,11,1.0,84.0,18.0,2427.0,58.0,27.0,30.0,15.0,13408
11/5/26 17:32,37.954245,23.75269,141,12,0.0,84.0,19.0,2188.0,53.0,27.0,31.0,15.0,13619
11/5/26 17:32,37.953327,23.752485,136,14,20.0,83.0,23.0,1047.0,41.0,8.0,32.0,14.0,13332
11/5/26 17:32,37.95302,23.752433,141,13,32.0,82.0,28.0,842.0,33.0,7.0,32.0,14.0,13338
11/5/26 17:32,37.952798,23.75238,143,15,34.0,82.0,29.0,804.0,24.0,6.0,32.0,14.0,13364
11/5/26 17:32,37.952615,23.752317,144,12,32.0,83.0,29.0,813.0,21.0,5.0,32.0,14.0,13428
11/5/26 17:32,37.952607,23.752262,144,12,34.0,83.0,28.0,792.0,22.0,7.0,32.0,14.0,13455
11/5/26 17:32,37.952608,23.752198,144,12,37.0,83.0,29.0,835.0,24.0,7.0,32.0,14.0,13486
11/5/26 17:32,37.952583,23.752057,145,14,58.0,83.0,94.0,1463.0,26.0,12.0,32.0,28.0,13335
11/5/26 17:32,37.95253,23.752015,144,15,49.0,83.0,92.0,1630.0,29.0,28.0,32.0,24.0,13494
11/5/26 17:32,37.952477,23.751998,144,15,45.0,83.0,90.0,1749.0,31.0,32.0,32.0,24.0,13524
11/5/26 17:32,37.952262,23.751968,143,15,38.0,83.0,75.0,2003.0,36.0,38.0,31.0,23.0,13299
11/5/26 17:32,37.95131,23.75181,143,13,25.0,84.0,40.0,1766.0,32.0,40.0,31.0,18.0,13466
11/5/26 17:32,37.951145,23.751775,144,13,49.0,84.0,91.0,1493.0,27.0,11.0,31.0,41.0,13378
11/5/26 17:32,37.951068,23.75179,144,13,98.0,84.0,126.0,1572.0,28.0,1.0,31.0,47.0,13359
11/5/26 17:32,37.951068,23.75179,144,13,98.0,84.0,126.0,1572.0,28.0,1.0,31.0,47.0,13375
11/5/26 17:32,37.951017,23.751835,145,14,96.0,84.0,146.0,1560.0,28.0,254.0,31.0,46.0,13430
11/5/26 17:32,37.950995,23.751903,146,13,100.0,84.0,148.0,1640.0,30.0,0.0,31.0,47.0,13387
11/5/26 17:32,37.950962,23.752073,147,13,100.0,84.0,156.0,1725.0,31.0,254.0,31.0,47.0,13418
11/5/26 17:32,37.950743,23.753012,150,12,33.0,86.0,71.0,1610.0,29.0,34.0,32.0,20.0,13473
11/5/26 17:32,37.950677,23.753168,149,9,30.0,86.0,48.0,1337.0,24.0,33.0,32.0,18.0,13423
11/5/26 17:32,37.950603,23.753302,149,9,55.0,86.0,65.0,1012.0,18.0,19.0,32.0,20.0,13308
11/5/26 17:32,37.950528,23.75338,150,8,85.0,86.0,87.0,766.0,14.0,5.0,32.0,20.0,13436
11/5/26 17:33,37.950482,23.753443,152,12,32.0,86.0,30.0,806.0,6.0,8.0,32.0,14.0,13441
11/5/26 17:33,37.950475,23.753483,154,12,35.0,86.0,32.0,777.0,1.0,6.0,32.0,14.0,13336
11/5/26 17:33,37.950485,23.753495,157,13,34.0,86.0,31.0,807.0,10.0,5.0,32.0,14.0,13314
11/5/26 17:33,37.95049,23.753478,158,13,33.0,86.0,32.0,807.0,11.0,6.0,32.0,14.0,13318
11/5/26 17:33,37.950488,23.753455,159,14,32.0,86.0,31.0,807.0,10.0,6.0,32.0,14.0,13517
11/5/26 17:33,37.950482,23.75344,159,14,32.0,86.0,32.0,801.0,9.0,6.0,32.0,14.0,13439
11/5/26 17:33,37.950457,23.753433,161,14,32.0,86.0,31.0,808.0,7.0,5.0,33.0,14.0,13438
11/5/26 17:34,37.950358,23.753327,170,15,,,,,,,,,12636
11/5/26 17:35,37.95036,23.753297,173,13,,,,,,,,,12655
11/5/26 17:35,37.95032,23.753373,162,14,,,,,,,,,12507
11/5/26 18:24,37.95032,23.753373,0,0,,,,,,,,,12469
11/5/26 18:25,37.95036,23.753173,177,11,,,,,,,,,12533
11/5/26 19:20,37.95036,23.753173,182,12,,,,,,,,,12469
11/5/26 19:20,37.950248,23.75334,174,12,,,,,,,,,12461
11/5/26 19:22,37.950243,23.753355,169,10,38.0,59.0,33.0,805.0,0.0,9.0,31.0,15.0,13336
11/5/26 19:24,37.950243,23.753355,160,12,39.0,66.0,33.0,786.0,1.0,6.0,30.0,14.0,13321
11/5/26 19:24,37.950642,23.753468,158,11,39.0,67.0,33.0,780.0,0.0,8.0,30.0,14.0,13336
11/5/26 19:24,37.950657,23.753485,157,11,40.0,67.0,33.0,773.0,0.0,8.0,30.0,14.0,13330
11/5/26 19:24,37.950725,23.753467,150,11,37.0,67.0,33.0,812.0,6.0,6.0,30.0,14.0,13333
11/5/26 19:24,37.950957,23.753435,161,11,36.0,68.0,32.0,801.0,6.0,8.0,30.0,15.0,13327
11/5/26 19:24,37.951018,23.753408,162,11,37.0,68.0,32.0,805.0,6.0,6.0,30.0,14.0,13279
11/5/26 19:25,37.95109,23.753373,164,11,36.0,69.0,32.0,815.0,13.0,6.0,30.0,14.0,13304
11/5/26 19:25,37.951152,23.75335,165,11,38.0,69.0,32.0,792.0,14.0,8.0,30.0,15.0,13303
11/5/26 19:25,37.95117,23.753337,165,11,37.0,69.0,32.0,794.0,14.0,8.0,30.0,14.0,13316
11/5/26 19:25,37.95119,23.753325,165,11,36.0,69.0,32.0,803.0,12.0,6.0,30.0,14.0,13306
11/5/26 19:25,37.95134,23.753343,162,11,38.0,70.0,33.0,807.0,7.0,6.0,30.0,15.0,13322
11/5/26 19:25,37.951407,23.753373,164,11,38.0,70.0,33.0,796.0,11.0,6.0,30.0,14.0,13253
11/5/26 19:25,37.951547,23.753398,167,11,37.0,70.0,32.0,806.0,9.0,6.0,30.0,14.0,13327
11/5/26 19:25,37.951657,23.753327,160,11,39.0,71.0,32.0,787.0,11.0,8.0,30.0,14.0,13308
11/5/26 19:25,37.951688,23.753257,158,11,38.0,71.0,32.0,805.0,13.0,7.0,30.0,15.0,13312
11/5/26 19:25,37.951712,23.753172,156,11,38.0,71.0,32.0,798.0,15.0,6.0,30.0,15.0,13295
11/5/26 19:25,37.951748,23.752925,152,10,37.0,71.0,32.0,809.0,17.0,5.0,30.0,14.0,13359
11/5/26 19:25,37.951793,23.752452,143,11,36.0,71.0,32.0,811.0,17.0,4.0,30.0,14.0,13331
11/5/26 19:26,37.951823,23.751947,131,11,41.0,72.0,33.0,778.0,4.0,9.0,30.0,15.0,13293
11/5/26 19:26,37.951845,23.751913,130,12,37.0,72.0,31.0,800.0,8.0,6.0,30.0,14.0,13200
11/5/26 19:26,37.951878,23.751903,130,12,38.0,72.0,32.0,788.0,9.0,7.0,30.0,14.0,13368
11/5/26 19:26,37.951893,23.751902,130,12,38.0,72.0,33.0,807.0,10.0,6.0,30.0,15.0,13090
11/5/26 19:26,37.951938,23.751923,131,12,36.0,73.0,33.0,810.0,11.0,6.0,30.0,14.0,13117
11/5/26 19:26,37.95198,23.751948,131,12,36.0,73.0,32.0,812.0,13.0,6.0,30.0,14.0,13054
11/5/26 19:26,37.951997,23.751965,131,12,38.0,73.0,32.0,788.0,14.0,10.0,30.0,14.0,13001
11/5/26 19:26,37.952057,23.752023,130,12,36.0,73.0,31.0,805.0,13.0,7.0,30.0,14.0,12951
11/5/26 19:26,37.952128,23.752003,127,12,38.0,73.0,32.0,795.0,13.0,6.0,30.0,14.0,13357
11/5/26 19:26,37.952182,23.751988,126,11,38.0,73.0,32.0,797.0,14.0,8.0,30.0,14.0,13044
11/5/26 19:26,37.952237,23.751975,125,11,38.0,73.0,32.0,797.0,12.0,6.0,30.0,14.0,13264
11/5/26 19:26,37.952273,23.751975,124,10,38.0,73.0,32.0,802.0,9.0,6.0,30.0,14.0,13292
11/5/26 19:26,37.952292,23.752003,123,10,39.0,73.0,33.0,794.0,9.0,7.0,30.0,14.0,13313
11/5/26 19:26,37.952328,23.752,123,10,36.0,73.0,32.0,806.0,9.0,7.0,30.0,14.0,13331
11/5/26 19:26,37.952367,23.751993,122,10,36.0,73.0,31.0,803.0,9.0,8.0,30.0,14.0,13292
11/5/26 19:26,37.952442,23.752022,120,10,38.0,73.0,33.0,790.0,9.0,8.0,30.0,14.0,13334
11/5/26 19:26,37.952462,23.752025,119,10,38.0,73.0,32.0,807.0,8.0,5.0,30.0,14.0,13385
11/5/26 19:26,37.952588,23.752098,119,11,34.0,74.0,30.0,870.0,4.0,9.0,30.0,14.0,13380
11/5/26 19:27,37.952745,23.75204,130,11,40.0,75.0,33.0,781.0,10.0,9.0,30.0,15.0,13366
11/5/26 19:27,37.952753,23.752018,131,11,40.0,75.0,33.0,781.0,10.0,9.0,30.0,15.0,13041
11/5/26 19:27,37.952773,23.752002,132,11,38.0,75.0,32.0,792.0,11.0,7.0,30.0,14.0,13344
11/5/26 19:27,37.952885,23.751832,138,12,37.0,76.0,32.0,805.0,15.0,5.0,30.0,14.0,13469
11/5/26 19:27,37.952905,23.751793,138,12,37.0,76.0,32.0,800.0,14.0,6.0,30.0,14.0,13445
11/5/26 19:27,37.952908,23.751702,140,12,37.0,76.0,32.0,804.0,11.0,7.0,30.0,14.0,13286
11/5/26 19:27,37.952915,23.751667,139,12,38.0,76.0,32.0,791.0,12.0,9.0,30.0,14.0,13380
11/5/26 19:27,37.952928,23.7516,138,12,38.0,76.0,32.0,801.0,13.0,6.0,30.0,14.0,13408
11/5/26 19:27,37.952997,23.751477,135,12,38.0,76.0,32.0,801.0,15.0,6.0,30.0,14.0,13426
11/5/26 19:27,37.953027,23.751442,134,12,37.0,76.0,32.0,801.0,15.0,7.0,30.0,14.0,13419
11/5/26 19:27,37.953065,23.751323,132,10,39.0,76.0,32.0,793.0,15.0,7.0,30.0,15.0,13433
11/5/26 19:27,37.953068,23.751273,131,11,38.0,76.0,32.0,794.0,15.0,9.0,30.0,14.0,13384
11/5/26 19:27,37.953077,23.751263,126,12,36.0,76.0,31.0,799.0,15.0,7.0,30.0,14.0,13429
11/5/26 19:27,37.95307,23.751278,124,12,38.0,76.0,31.0,800.0,15.0,6.0,30.0,14.0,13441
11/5/26 19:27,37.95298,23.75127,125,11,38.0,76.0,31.0,791.0,14.0,7.0,30.0,14.0,13434
11/5/26 19:27,37.95294,23.751258,125,11,37.0,76.0,31.0,796.0,14.0,7.0,30.0,14.0,13436
11/5/26 19:27,37.952757,23.75122,124,10,36.0,77.0,32.0,814.0,6.0,5.0,30.0,14.0,13488
11/5/26 19:27,37.95273,23.751217,123,10,40.0,77.0,38.0,868.0,6.0,16.0,30.0,23.0,13489
11/5/26 19:27,37.952677,23.751192,122,10,28.0,77.0,32.0,1328.0,9.0,30.0,30.0,17.0,13418
11/5/26 19:27,37.952615,23.751193,120,10,28.0,77.0,33.0,1412.0,10.0,33.0,29.0,18.0,13432
11/5/26 19:27,37.952592,23.751185,120,10,32.0,77.0,37.0,1408.0,10.0,21.0,29.0,18.0,13451
11/5/26 19:27,37.952535,23.751165,119,11,28.0,77.0,38.0,1425.0,10.0,35.0,29.0,18.0,13136
11/5/26 19:27,37.952513,23.751157,118,11,28.0,77.0,39.0,1431.0,10.0,36.0,29.0,18.0,13271
11/5/26 19:27,37.952437,23.75112,117,11,28.0,77.0,39.0,1450.0,10.0,37.0,29.0,18.0,12714
11/5/26 19:27,37.952403,23.75111,116,11,26.0,77.0,33.0,1389.0,10.0,33.0,29.0,17.0,12983
11/5/26 19:27,37.952372,23.751097,116,11,17.0,77.0,25.0,1272.0,9.0,26.0,29.0,14.0,12819
11/5/26 19:28,37.952322,23.751073,114,11,54.0,78.0,58.0,1019.0,7.0,10.0,29.0,20.0,13402
11/5/26 19:28,37.952287,23.751067,113,10,33.0,78.0,37.0,1311.0,9.0,32.0,29.0,18.0,13069
11/5/26 19:28,37.952275,23.751083,112,10,34.0,78.0,42.0,1324.0,9.0,33.0,29.0,18.0,13270
11/5/26 19:28,37.952263,23.751102,112,10,32.0,78.0,38.0,1358.0,9.0,34.0,29.0,18.0,13392
11/5/26 19:28,37.952258,23.751125,111,10,30.0,78.0,38.0,1375.0,10.0,34.0,29.0,18.0,13459
11/5/26 19:28,37.952247,23.751193,110,10,30.0,78.0,38.0,1389.0,10.0,35.0,29.0,18.0,13469
11/5/26 19:28,37.952247,23.751273,109,10,36.0,78.0,69.0,1942.0,14.0,39.0,29.0,22.0,13442
11/5/26 19:28,37.952242,23.751367,107,10,65.0,78.0,89.0,1199.0,15.0,247.0,29.0,25.0,13507
11/5/26 19:28,37.95217,23.75191,107,10,75.0,79.0,84.0,870.0,10.0,4.0,29.0,25.0,13383
11/5/26 19:28,37.952155,23.751952,107,10,90.0,79.0,99.0,1035.0,13.0,9.0,29.0,28.0,13431
11/5/26 19:28,37.952133,23.751983,107,10,55.0,79.0,73.0,1206.0,15.0,22.0,29.0,21.0,13413
11/5/26 19:28,37.952113,23.751993,107,10,42.0,79.0,65.0,1333.0,17.0,26.0,29.0,21.0,13428
11/5/26 19:28,37.952085,23.75199,108,10,36.0,79.0,54.0,1424.0,18.0,32.0,29.0,20.0,13444
11/5/26 19:28,37.952065,23.751978,108,10,38.0,80.0,78.0,1522.0,19.0,21.0,29.0,24.0,13472
11/5/26 19:28,37.951977,23.751958,109,10,29.0,80.0,58.0,1758.0,22.0,41.0,29.0,20.0,13489
11/5/26 19:28,37.951305,23.751827,114,10,35.0,81.0,62.0,1900.0,24.0,40.0,28.0,21.0,13511
11/5/26 19:28,37.951177,23.751855,116,10,34.0,82.0,68.0,1810.0,22.0,38.0,28.0,21.0,13499
11/5/26 19:28,37.95105,23.751818,118,10,29.0,82.0,69.0,1729.0,22.0,18.0,29.0,15.0,13493
11/5/26 19:28,37.950967,23.751855,120,10,89.0,83.0,119.0,1436.0,18.0,1.0,28.0,45.0,13484
11/5/26 19:28,37.951003,23.751815,119,10,69.0,83.0,86.0,1429.0,18.0,249.0,28.0,42.0,13488
11/5/26 19:28,37.950948,23.751892,122,10,95.0,83.0,140.0,1619.0,20.0,1.0,29.0,47.0,13397
11/5/26 19:28,37.950945,23.751945,123,10,100.0,83.0,149.0,1899.0,23.0,0.0,29.0,49.0,13131
11/5/26 19:28,37.950942,23.752008,125,10,48.0,83.0,86.0,1987.0,25.0,35.0,29.0,22.0,13113
11/5/26 19:28,37.950912,23.752412,131,10,59.0,85.0,107.0,1656.0,21.0,16.0,29.0,28.0,13536
11/5/26 19:28,37.950887,23.752482,132,10,60.0,85.0,108.0,1681.0,21.0,16.0,29.0,29.0,13517
11/5/26 19:28,37.950855,23.752537,133,10,61.0,85.0,108.0,1683.0,21.0,17.0,29.0,27.0,13506
11/5/26 19:28,37.950823,23.752602,134,11,61.0,85.0,107.0,1654.0,21.0,17.0,29.0,28.0,13362
11/5/26 19:29,37.950603,23.753123,141,11,41.0,87.0,85.0,1670.0,21.0,34.0,29.0,20.0,13508
11/5/26 19:29,37.950538,23.753353,144,11,45.0,87.0,76.0,1336.0,16.0,24.0,29.0,21.0,13434
11/5/26 19:29,37.950442,23.753552,150,11,30.0,86.0,29.0,886.0,0.0,9.0,29.0,14.0,13386
11/5/26 19:29,37.950427,23.753568,155,12,35.0,86.0,31.0,813.0,1.0,9.0,29.0,14.0,13367
11/5/26 19:29,37.950495,23.753438,169,11,40.0,84.0,33.0,739.0,1.0,8.0,29.0,14.0,13423
11/5/26 19:31,37.950612,23.753375,185,12,,,,,,,,,12599
11/5/26 19:31,37.950612,23.753375,185,13,,,,,,,,,12599
11/5/26 19:32,37.950612,23.753375,185,13,,,,,,,,,12556
11/5/26 19:33,37.950612,23.753375,185,11,,,,,,,,,12599
11/5/26 19:41,37.950612,23.753375,0,0,,,,,,,,,12469
11/5/26 19:41,37.950623,23.753282,177,7,,,,,,,,,12452
11/5/26 19:41,37.950947,23.752688,177,7,,,,,,,,,12377
11/5/26 19:42,37.950665,23.753365,176,12,,,,,,,,,12469
11/5/26 19:43,37.950665,23.753365,176,14,,,,,,,,,12446
11/5/26 19:44,37.950625,23.753167,176,13,36.0,79.0,31.0,805.0,18.0,6.0,32.0,14.0,13230
11/5/26 19:44,37.950625,23.753167,176,13,36.0,79.0,31.0,805.0,18.0,6.0,32.0,14.0,13230
11/5/26 19:44,37.95077,23.752782,165,13,38.0,80.0,32.0,794.0,17.0,6.0,32.0,14.0,13205
11/5/26 19:44,37.950852,23.75261,153,13,36.0,80.0,31.0,808.0,21.0,6.0,32.0,14.0,13232
11/5/26 19:44,37.950938,23.752372,149,13,36.0,80.0,31.0,795.0,19.0,6.0,31.0,14.0,13225
11/5/26 19:44,37.950965,23.752263,146,13,35.0,80.0,31.0,809.0,23.0,7.0,31.0,14.0,13208
11/5/26 19:44,37.950998,23.752073,143,13,36.0,80.0,31.0,807.0,19.0,6.0,31.0,14.0,13333
11/5/26 19:44,37.951037,23.751882,136,13,35.0,81.0,30.0,799.0,20.0,7.0,31.0,14.0,13327
11/5/26 19:44,37.951057,23.751842,135,13,35.0,81.0,30.0,798.0,22.0,8.0,31.0,14.0,13340
11/5/26 19:44,37.95109,23.751825,134,13,37.0,81.0,31.0,785.0,24.0,8.0,31.0,14.0,13285
11/5/26 19:44,37.951138,23.751825,134,13,36.0,81.0,31.0,806.0,26.0,7.0,31.0,14.0,13303
11/5/26 19:45,37.951267,23.75184,133,12,36.0,81.0,31.0,799.0,30.0,7.0,31.0,14.0,13323
11/5/26 19:45,37.951735,23.75191,130,11,35.0,81.0,32.0,818.0,15.0,5.0,31.0,14.0,13305
11/5/26 19:45,37.951772,23.751913,130,11,35.0,81.0,30.0,799.0,16.0,6.0,31.0,14.0,13322
11/5/26 19:45,37.951802,23.75189,130,11,36.0,81.0,30.0,794.0,18.0,7.0,31.0,14.0,13335
11/5/26 19:45,37.95182,23.751848,130,11,36.0,81.0,30.0,795.0,19.0,9.0,31.0,14.0,13331
11/5/26 19:45,37.951827,23.751793,130,11,36.0,81.0,30.0,802.0,20.0,6.0,31.0,14.0,13327
11/5/26 19:45,37.951915,23.751102,131,13,35.0,82.0,30.0,806.0,29.0,7.0,31.0,14.0,13206
11/5/26 19:45,37.951937,23.750933,130,12,35.0,82.0,30.0,792.0,31.0,6.0,31.0,14.0,13367
11/5/26 19:45,37.951987,23.750532,128,12,35.0,82.0,30.0,802.0,36.0,6.0,31.0,14.0,13094
11/5/26 19:45,37.952035,23.749738,121,12,35.0,83.0,31.0,807.0,43.0,6.0,31.0,14.0,13312
11/5/26 19:45,37.952122,23.749333,120,12,36.0,83.0,31.0,805.0,38.0,6.0,31.0,14.0,13235
11/5/26 19:45,37.95224,23.748158,110,11,36.0,83.0,31.0,798.0,31.0,7.0,31.0,14.0,13338
11/5/26 19:45,37.952275,23.74787,107,11,36.0,83.0,32.0,794.0,18.0,7.0,31.0,14.0,13283
11/5/26 19:45,37.952302,23.747748,105,11,40.0,83.0,30.0,825.0,18.0,7.0,31.0,14.0,13239
11/5/26 19:45,37.952333,23.747665,103,12,29.0,83.0,26.0,1009.0,18.0,14.0,31.0,14.0,13288
11/5/26 19:45,37.95237,23.74764,103,11,25.0,83.0,26.0,1009.0,18.0,7.0,31.0,14.0,13300
11/5/26 19:45,37.952515,23.747497,104,13,26.0,83.0,25.0,945.0,17.0,2.0,31.0,14.0,13256
11/5/26 19:46,37.952615,23.7473,99,13,29.0,84.0,28.0,888.0,16.0,5.0,31.0,14.0,13277
11/5/26 19:46,37.952602,23.747252,98,13,32.0,84.0,29.0,851.0,15.0,8.0,31.0,14.0,13262
11/5/26 19:46,37.952568,23.747172,98,13,36.0,84.0,31.0,804.0,9.0,6.0,31.0,14.0,13230
11/5/26 19:46,37.952548,23.747147,97,13,37.0,84.0,32.0,802.0,8.0,6.0,31.0,14.0,13278
11/5/26 19:46,37.952522,23.747128,97,13,35.0,84.0,30.0,806.0,7.0,6.0,31.0,14.0,13312
11/5/26 19:46,37.952462,23.747097,99,13,43.0,84.0,66.0,1018.0,6.0,249.0,31.0,14.0,13319
11/5/26 19:46,37.95232,23.74713,98,12,38.0,84.0,33.0,830.0,12.0,8.0,30.0,15.0,13270
11/5/26 19:46,37.952288,23.747135,98,12,33.0,84.0,30.0,826.0,12.0,6.0,30.0,14.0,13421
11/5/26 19:46,37.952277,23.747145,98,13,54.0,84.0,29.0,1042.0,12.0,23.0,30.0,17.0,13204
11/5/26 19:46,37.95226,23.747133,98,13,40.0,84.0,53.0,1184.0,15.0,25.0,30.0,18.0,13148
11/5/26 19:46,37.952248,23.747105,97,13,29.0,84.0,35.0,1341.0,17.0,31.0,30.0,17.0,13207
11/5/26 19:46,37.952222,23.74689,99,13,20.0,85.0,27.0,1505.0,19.0,33.0,30.0,16.0,13142
11/5/26 19:46,37.952187,23.746713,100,13,16.0,85.0,20.0,1296.0,19.0,18.0,30.0,14.0,13309
11/5/26 19:46,37.952123,23.74651,100,12,37.0,85.0,31.0,823.0,17.0,6.0,30.0,15.0,13364
11/5/26 19:46,37.952077,23.746245,100,12,37.0,85.0,31.0,800.0,18.0,6.0,30.0,14.0,13389
11/5/26 19:46,37.952075,23.746193,100,12,39.0,85.0,31.0,794.0,18.0,7.0,30.0,14.0,13501
11/5/26 19:46,37.952043,23.745887,102,13,37.0,85.0,31.0,802.0,6.0,6.0,30.0,14.0,13503
11/5/26 19:46,37.95203,23.745842,103,12,38.0,85.0,30.0,761.0,1.0,6.0,30.0,14.0,13407
11/5/26 19:46,37.952008,23.745778,105,12,48.0,85.0,67.0,1307.0,16.0,17.0,30.0,21.0,13468
11/5/26 19:46,37.951987,23.745753,106,12,45.0,85.0,75.0,1513.0,19.0,22.0,29.0,23.0,13501
11/5/26 19:46,37.951957,23.745742,106,12,43.0,85.0,80.0,1765.0,22.0,30.0,29.0,23.0,13454
11/5/26 19:46,37.951918,23.745745,106,12,12.0,85.0,30.0,1835.0,24.0,29.0,29.0,13.0,13434
11/5/26 19:47,37.951708,23.745833,107,12,38.0,85.0,50.0,1408.0,25.0,33.0,29.0,20.0,13488
11/5/26 19:47,37.950967,23.746133,115,12,31.0,84.0,46.0,878.0,16.0,8.0,29.0,14.0,13435
11/5/26 19:47,37.950888,23.746132,116,11,45.0,84.0,33.0,726.0,13.0,14.0,29.0,14.0,13375
11/5/26 19:47,37.950828,23.746105,118,11,70.0,84.0,73.0,731.0,13.0,8.0,29.0,19.0,13101
11/5/26 19:47,37.950797,23.746088,119,12,66.0,84.0,73.0,847.0,15.0,13.0,29.0,19.0,12826
11/5/26 19:47,37.950642,23.745988,122,12,21.0,84.0,24.0,1153.0,21.0,13.0,29.0,14.0,13450
11/5/26 19:47,37.9505,23.745907,125,12,31.0,84.0,29.0,911.0,13.0,9.0,29.0,14.0,13379
11/5/26 19:47,37.950413,23.745852,123,12,34.0,84.0,31.0,816.0,3.0,6.0,29.0,14.0,13469
11/5/26 19:47,37.950348,23.745828,121,12,84.0,84.0,118.0,1409.0,17.0,2.0,29.0,41.0,13490
11/5/26 19:47,37.950322,23.745845,121,12,48.0,84.0,88.0,1647.0,20.0,23.0,29.0,24.0,13492
11/5/26 19:47,37.950245,23.745898,122,12,40.0,84.0,79.0,1870.0,23.0,21.0,29.0,23.0,13440
11/5/26 19:47,37.950157,23.745968,123,12,31.0,84.0,57.0,1891.0,23.0,42.0,29.0,21.0,13411
11/5/26 19:48,37.949338,23.746525,133,12,17.0,84.0,24.0,1973.0,24.0,33.0,29.0,17.0,13500
11/5/26 19:48,37.949223,23.746582,134,13,27.0,84.0,37.0,1834.0,23.0,34.0,29.0,19.0,13492
11/5/26 19:48,37.94912,23.746665,136,13,29.0,84.0,56.0,2009.0,25.0,42.0,29.0,21.0,13501
11/5/26 19:48,37.948918,23.746838,139,13,4.0,84.0,18.0,1626.0,20.0,250.0,29.0,14.0,13488
11/5/26 19:48,37.948743,23.74699,142,13,40.0,84.0,63.0,1427.0,18.0,29.0,29.0,21.0,13300
11/5/26 19:48,37.948617,23.747093,145,13,8.0,84.0,18.0,1507.0,25.0,12.0,29.0,12.0,13438
11/5/26 19:48,37.948272,23.74732,147,13,34.0,84.0,62.0,1564.0,28.0,35.0,29.0,21.0,13544
11/5/26 19:48,37.947888,23.747568,145,13,42.0,85.0,65.0,1321.0,24.0,27.0,29.0,21.0,13527
11/5/26 19:48,37.94763,23.747732,146,13,67.0,85.0,96.0,1323.0,16.0,12.0,29.0,25.0,13452
11/5/26 19:48,37.947612,23.747763,147,13,52.0,85.0,102.0,1584.0,19.0,4.0,29.0,31.0,13511
11/5/26 19:48,37.947595,23.74779,147,13,56.0,85.0,100.0,1947.0,24.0,27.0,29.0,25.0,13474
11/5/26 19:48,37.947612,23.74791,144,13,38.0,85.0,39.0,1353.0,25.0,27.0,29.0,21.0,13417
11/5/26 19:48,37.947895,23.748683,130,13,28.0,85.0,38.0,1471.0,26.0,23.0,29.0,18.0,13492
11/5/26 19:48,37.947897,23.748778,129,14,36.0,85.0,65.0,1411.0,25.0,21.0,29.0,22.0,13490
11/5/26 19:48,37.947855,23.74897,131,14,41.0,85.0,73.0,1442.0,26.0,28.0,29.0,21.0,13484
11/5/26 19:49,37.947503,23.750082,143,12,40.0,84.0,82.0,1836.0,33.0,35.0,29.0,23.0,13492
11/5/26 19:49,37.947128,23.751217,153,13,62.0,85.0,97.0,1379.0,33.0,15.0,29.0,25.0,13477
11/5/26 19:49,37.946803,23.752403,160,12,50.0,86.0,96.0,1544.0,37.0,23.0,30.0,24.0,13494
11/5/26 19:49,37.94651,23.753485,172,13,40.0,86.0,78.0,1451.0,35.0,29.0,30.0,20.0,13488
11/5/26 19:49,37.946197,23.754577,174,13,27.0,85.0,32.0,1222.0,29.0,7.0,30.0,17.0,13466
11/5/26 19:50,37.945972,23.755402,179,13,31.0,85.0,28.0,975.0,23.0,23.0,30.0,15.0,13453
11/5/26 19:50,37.945947,23.755458,179,13,31.0,85.0,28.0,975.0,23.0,23.0,30.0,15.0,13453
11/5/26 19:50,37.945883,23.755557,178,13,36.0,85.0,42.0,1092.0,26.0,5.0,30.0,15.0,13386
11/5/26 19:50,37.945203,23.756383,170,13,35.0,85.0,31.0,801.0,21.0,6.0,31.0,14.0,13420
11/5/26 19:50,37.945172,23.756432,169,13,34.0,85.0,32.0,809.0,18.0,5.0,31.0,14.0,13427
11/5/26 19:50,37.945095,23.756498,168,13,34.0,85.0,31.0,808.0,20.0,6.0,31.0,14.0,13387
11/5/26 19:50,37.944948,23.756672,167,13,45.0,85.0,83.0,1504.0,27.0,20.0,31.0,23.0,13444
11/5/26 19:50,37.944287,23.757577,166,12,40.0,84.0,82.0,1633.0,29.0,32.0,30.0,23.0,13501
11/5/26 19:50,37.943672,23.75826,172,13,58.0,85.0,59.0,967.0,17.0,18.0,30.0,21.0,13407
11/5/26 19:50,37.943663,23.758317,171,13,87.0,85.0,95.0,1009.0,18.0,8.0,30.0,35.0,13438
11/5/26 19:50,37.94368,23.758368,171,12,77.0,85.0,97.0,1090.0,20.0,11.0,30.0,23.0,13424
11/5/26 19:50,37.943707,23.758413,172,13,56.0,85.0,72.0,1138.0,20.0,20.0,30.0,20.0,13249
11/5/26 19:50,37.943792,23.758547,174,13,76.0,85.0,57.0,603.0,11.0,14.0,30.0,16.0,12511
11/5/26 19:50,37.943805,23.758612,175,13,29.0,85.0,31.0,853.0,5.0,8.0,30.0,20.0,13328
11/5/26 19:51,37.943823,23.758615,178,13,49.0,85.0,51.0,736.0,5.0,7.0,31.0,16.0,12458
11/5/26 19:51,37.94388,23.758575,180,13,34.0,85.0,63.0,1801.0,12.0,39.0,30.0,21.0,13576
11/5/26 19:51,37.943993,23.758482,179,13,46.0,85.0,29.0,859.0,11.0,19.0,31.0,16.0,13543
11/5/26 19:51,37.944047,23.758433,178,13,50.0,85.0,49.0,929.0,11.0,22.0,31.0,17.0,13582
11/5/26 19:51,37.944078,23.758413,177,13,44.0,85.0,49.0,1020.0,13.0,23.0,31.0,17.0,13450
11/5/26 19:51,37.944128,23.75837,176,10,27.0,85.0,27.0,997.0,12.0,9.0,31.0,14.0,13410
11/5/26 19:51,37.944162,23.758343,177,12,31.0,85.0,28.0,923.0,11.0,9.0,31.0,14.0,13413
11/5/26 19:51,37.944178,23.758335,176,12,36.0,85.0,31.0,840.0,10.0,12.0,31.0,14.0,13411
11/5/26 19:51,37.944223,23.758315,175,12,49.0,85.0,40.0,741.0,9.0,21.0,31.0,15.0,13385
11/5/26 19:51,37.94424,23.758318,174,12,52.0,85.0,46.0,747.0,9.0,18.0,31.0,16.0,13375
11/5/26 19:51,37.944282,23.758318,172,12,51.0,85.0,56.0,853.0,10.0,10.0,31.0,18.0,13394
11/5/26 19:51,37.94433,23.758345,171,13,32.0,85.0,45.0,1148.0,14.0,24.0,31.0,16.0,13434
11/5/26 19:51,37.944352,23.758345,170,13,22.0,85.0,26.0,1152.0,15.0,13.0,31.0,15.0,13461
11/5/26 19:51,37.944407,23.758335,168,13,27.0,85.0,28.0,1060.0,15.0,12.0,31.0,15.0,13438
11/5/26 19:51,37.944525,23.758223,165,13,34.0,85.0,31.0,814.0,12.0,6.0,31.0,14.0,13442
11/5/26 19:51,37.944525,23.758223,165,13,33.0,85.0,31.0,842.0,15.0,5.0,31.0,14.0,13461
11/5/26 19:51,37.94455,23.758193,163,14,37.0,85.0,32.0,804.0,7.0,6.0,32.0,14.0,13416
11/5/26 19:51,37.944583,23.758128,161,14,36.0,85.0,33.0,825.0,10.0,3.0,32.0,14.0,13418
11/5/26 19:51,37.944603,23.758072,160,14,34.0,85.0,30.0,804.0,18.0,6.0,32.0,14.0,13443
11/5/26 19:51,37.944595,23.758035,159,14,36.0,85.0,30.0,794.0,19.0,8.0,32.0,14.0,13406
11/5/26 19:51,37.944568,23.758,158,14,35.0,85.0,30.0,795.0,21.0,7.0,32.0,14.0,13430
11/5/26 19:51,37.944312,23.757657,151,13,100.0,85.0,96.0,1021.0,13.0,252.0,32.0,37.0,13288
11/5/26 19:51,37.944268,23.757622,150,13,47.0,85.0,88.0,1558.0,19.0,16.0,31.0,25.0,13446
11/5/26 19:51,37.944233,23.75763,149,13,43.0,85.0,86.0,1684.0,21.0,31.0,31.0,23.0,13440
11/5/26 19:51,37.944192,23.757653,149,13,39.0,85.0,78.0,1758.0,22.0,35.0,31.0,22.0,13452
11/5/26 19:51,37.944108,23.75772,148,13,39.0,86.0,79.0,1910.0,24.0,37.0,31.0,22.0,13450
11/5/26 19:51,37.943802,23.758113,151,13,10.0,85.0,26.0,1776.0,23.0,27.0,30.0,13.0,13525
11/5/26 19:52,37.943657,23.758265,153,13,40.0,85.0,64.0,1338.0,17.0,26.0,31.0,21.0,13129
11/5/26 19:52,37.943657,23.758308,154,13,42.0,85.0,63.0,1429.0,17.0,20.0,31.0,21.0,13451
11/5/26 19:52,37.94367,23.758353,155,13,36.0,85.0,62.0,1450.0,18.0,31.0,31.0,20.0,13513
11/5/26 19:52,37.9437,23.7584,157,13,30.0,85.0,61.0,1446.0,18.0,32.0,31.0,20.0,13442
11/5/26 19:52,37.943817,23.758545,160,13,29.0,85.0,29.0,894.0,4.0,6.0,31.0,14.0,13394
11/5/26 19:52,37.943883,23.75855,164,13,13.0,85.0,21.0,1362.0,11.0,27.0,31.0,14.0,13558
11/5/26 19:52,37.943908,23.758547,164,13,23.0,85.0,26.0,1024.0,10.0,12.0,31.0,15.0,13509
11/5/26 19:52,37.943952,23.758538,165,13,33.0,85.0,30.0,864.0,5.0,8.0,31.0,14.0,13354
11/5/26 19:53,37.944007,23.758538,166,13,,,,,,,,,12686
11/5/26 19:53,37.944007,23.758538,166,14,,,,,,,,,12686
11/5/26 20:14,37.944007,23.758538,0,0,,,,,,,,,12467
11/5/26 20:14,37.94409,23.758442,203,10,,,,,,,,,12426
11/5/26 20:14,37.944078,23.758653,189,11,,,,,,,,,12620
11/5/26 20:16,37.943988,23.758545,180,12,40.0,84.0,32.0,750.0,0.0,7.0,36.0,14.0,13246
11/5/26 20:17,37.943988,23.758545,180,12,,,,,,,,,12283
11/5/26 20:19,37.943988,23.758545,180,12,,,,,,,,,12137
11/5/26 20:19,37.943988,23.758545,180,12,,,,,,,,,12153
11/5/26 20:19,37.94382,23.758682,180,13,28.0,84.0,60.0,1284.0,15.0,251.0,35.0,23.0,13248
11/5/26 20:19,37.94382,23.758682,180,13,28.0,84.0,60.0,1284.0,15.0,251.0,35.0,23.0,13248
11/5/26 20:19,37.943798,23.758725,180,13,39.0,84.0,67.0,1432.0,18.0,24.0,35.0,22.0,13254
11/5/26 20:19,37.943633,23.759058,182,12,32.0,85.0,43.0,1416.0,25.0,37.0,34.0,19.0,13256
11/5/26 20:19,37.943467,23.759357,181,11,32.0,85.0,58.0,1749.0,31.0,38.0,34.0,23.0,13268
11/5/26 20:20,37.943102,23.759782,179,12,17.0,86.0,23.0,1794.0,32.0,23.0,34.0,16.0,13269
11/5/26 20:20,37.942818,23.759988,178,12,36.0,85.0,71.0,1805.0,32.0,37.0,33.0,22.0,13272
11/5/26 20:20,37.941878,23.760308,179,12,35.0,85.0,74.0,2156.0,39.0,39.0,32.0,23.0,13275
11/5/26 20:20,37.94108,23.760827,184,11,9.0,84.0,17.0,1988.0,36.0,21.0,31.0,14.0,13313
11/5/26 20:20,37.940978,23.760932,185,11,0.0,84.0,19.0,1767.0,32.0,27.0,32.0,14.0,13297
11/5/26 20:20,37.940942,23.761027,184,10,0.0,84.0,19.0,1430.0,26.0,26.0,32.0,14.0,13277
11/5/26 20:20,37.940847,23.76105,184,11,30.0,84.0,29.0,950.0,15.0,12.0,32.0,15.0,13245
11/5/26 20:20,37.94075,23.761102,184,11,49.0,83.0,34.0,855.0,12.0,250.0,32.0,25.0,13164
11/5/26 20:20,37.940632,23.761175,184,11,55.0,84.0,101.0,1688.0,21.0,21.0,32.0,22.0,13191
11/5/26 20:20,37.940593,23.761218,184,11,30.0,84.0,39.0,1704.0,21.0,30.0,32.0,20.0,13211
11/5/26 20:20,37.940587,23.761287,183,11,43.0,84.0,90.0,1795.0,22.0,27.0,32.0,26.0,13343
11/5/26 20:20,37.940603,23.761357,182,11,38.0,84.0,78.0,1918.0,24.0,38.0,32.0,22.0,13337
11/5/26 20:20,37.940633,23.761415,182,11,36.0,84.0,72.0,1997.0,25.0,36.0,32.0,23.0,13302
11/5/26 20:20,37.940678,23.761453,182,12,28.0,84.0,52.0,2011.0,25.0,44.0,31.0,20.0,13303
11/5/26 20:20,37.941342,23.761877,177,11,52.0,84.0,99.0,2301.0,28.0,27.0,31.0,28.0,13363
11/5/26 20:20,37.9414,23.761917,177,11,61.0,85.0,111.0,2514.0,31.0,21.0,31.0,32.0,13360
11/5/26 20:21,37.94173,23.7621,176,11,88.0,84.0,137.0,2340.0,42.0,10.0,32.0,52.0,13299
11/5/26 20:21,37.942582,23.762595,177,11,90.0,85.0,129.0,2179.0,52.0,3.0,32.0,57.0,13384
11/5/26 20:21,37.943502,23.763127,175,11,66.0,86.0,116.0,2332.0,56.0,20.0,33.0,34.0,13369
11/5/26 20:21,37.943873,23.763425,178,11,91.0,86.0,152.0,2219.0,53.0,8.0,34.0,34.0,13225
11/5/26 20:21,37.944512,23.764233,184,12,70.0,86.0,121.0,2445.0,59.0,19.0,35.0,35.0,13370
11/5/26 20:21,37.945197,23.765147,192,11,51.0,85.0,99.0,2359.0,57.0,29.0,35.0,27.0,13365
11/5/26 20:21,37.945862,23.766052,211,11,57.0,85.0,106.0,2041.0,61.0,23.0,34.0,27.0,13314
11/5/26 20:21,37.946658,23.766678,225,12,38.0,85.0,76.0,2125.0,64.0,38.0,33.0,23.0,13448
11/5/26 20:21,37.947502,23.767268,223,12,44.0,85.0,88.0,2133.0,64.0,34.0,32.0,24.0,13395
11/5/26 20:21,37.948332,23.767863,237,11,47.0,84.0,92.0,2058.0,62.0,32.0,32.0,25.0,13356
11/5/26 20:22,37.948752,23.768102,245,10,30.0,84.0,56.0,1946.0,58.0,42.0,31.0,21.0,13339
11/5/26 20:22,37.949447,23.768342,255,11,35.0,84.0,72.0,2197.0,66.0,40.0,31.0,22.0,13323
11/5/26 20:22,37.949907,23.76834,259,11,17.0,84.0,28.0,2356.0,71.0,33.0,31.0,18.0,13312
11/5/26 20:22,37.950967,23.768265,259,11,0.0,83.0,19.0,2410.0,72.0,27.0,32.0,16.0,13348
11/5/26 20:22,37.951317,23.76832,259,11,0.0,82.0,19.0,2419.0,72.0,28.0,32.0,16.0,13332
11/5/26 20:22,37.951653,23.768468,258,11,0.0,82.0,19.0,2366.0,71.0,27.0,32.0,16.0,12925
11/5/26 20:22,37.952505,23.769138,251,11,16.0,81.0,23.0,2189.0,65.0,30.0,32.0,18.0,13197
11/5/26 20:22,37.953027,23.769715,242,11,41.0,81.0,82.0,2418.0,72.0,38.0,31.0,25.0,13353
11/5/26 20:22,37.953218,23.770082,241,11,46.0,81.0,91.0,2464.0,74.0,35.0,31.0,26.0,13398
11/5/26 20:22,37.953615,23.771158,237,11,33.0,82.0,68.0,2424.0,73.0,42.0,30.0,23.0,13348
11/5/26 20:22,37.954092,23.772338,239,11,69.0,83.0,117.0,2203.0,66.0,17.0,30.0,34.0,13398
11/5/26 20:22,37.954732,23.773248,240,11,25.0,85.0,44.0,2066.0,62.0,38.0,29.0,20.0,13418
11/5/26 20:22,37.955385,23.774243,250,11,0.0,84.0,19.0,1502.0,45.0,27.0,30.0,14.0,13386
11/5/26 20:22,37.955533,23.774455,250,11,19.0,84.0,25.0,1013.0,32.0,1.0,31.0,15.0,13303
11/5/26 20:22,37.955642,23.774593,250,11,32.0,84.0,30.0,856.0,18.0,6.0,31.0,14.0,12653
11/5/26 20:23,37.955698,23.77466,249,11,35.0,84.0,31.0,798.0,7.0,7.0,31.0,14.0,12876
11/5/26 20:23,37.955723,23.77467,249,12,38.0,84.0,31.0,753.0,0.0,7.0,31.0,14.0,13341
11/5/26 20:23,37.955727,23.774682,246,11,25.0,84.0,69.0,1283.0,15.0,15.0,32.0,21.0,13379
11/5/26 20:23,37.955827,23.77475,250,11,39.0,83.0,76.0,2287.0,28.0,39.0,31.0,25.0,13369
11/5/26 20:23,37.956078,23.774948,256,12,62.0,83.0,110.0,2648.0,48.0,29.0,30.0,30.0,13348
11/5/26 20:23,37.956307,23.775055,261,12,61.0,83.0,115.0,2234.0,53.0,18.0,30.0,32.0,13377
11/5/26 20:23,37.956742,23.775062,261,12,57.0,83.0,107.0,2590.0,62.0,28.0,30.0,30.0,13367
11/5/26 20:23,37.9572,23.774985,256,12,63.0,83.0,113.0,2836.0,68.0,29.0,30.0,33.0,13333
11/5/26 20:23,37.957832,23.774605,249,12,59.0,84.0,110.0,3152.0,76.0,34.0,30.0,33.0,13346
11/5/26 20:23,37.958397,23.774405,241,12,25.0,84.0,48.0,3175.0,76.0,46.0,30.0,23.0,13403
11/5/26 20:23,37.958967,23.774345,235,12,30.0,84.0,68.0,3072.0,74.0,47.0,30.0,23.0,13295
11/5/26 20:23,37.959355,23.774428,232,12,21.0,84.0,38.0,3002.0,72.0,39.0,30.0,21.0,13339
11/5/26 20:23,37.959875,23.774707,228,12,20.0,83.0,34.0,2938.0,71.0,41.0,30.0,21.0,13367
11/5/26 20:23,37.960325,23.775117,227,12,24.0,83.0,46.0,2926.0,70.0,46.0,29.0,22.0,13447
11/5/26 20:23,37.96055,23.775463,225,12,32.0,82.0,25.0,1921.0,70.0,20.0,30.0,17.0,13391
11/5/26 20:23,37.960728,23.775858,222,12,34.0,82.0,67.0,2003.0,72.0,40.0,30.0,22.0,13346
11/5/26 20:24,37.961115,23.776897,220,12,54.0,83.0,102.0,2124.0,76.0,24.0,29.0,27.0,13371
11/5/26 20:24,37.961538,23.777985,226,12,56.0,84.0,104.0,2230.0,79.0,24.0,29.0,29.0,13347
11/5/26 20:24,37.961867,23.77861,233,11,57.0,84.0,106.0,2229.0,80.0,24.0,29.0,29.0,13087
11/5/26 20:24,37.962152,23.778962,237,11,57.0,85.0,106.0,2231.0,80.0,23.0,29.0,29.0,13231
11/5/26 20:24,37.96288,23.779778,250,11,45.0,85.0,89.0,2179.0,78.0,33.0,29.0,25.0,13437
11/5/26 20:24,37.963093,23.780188,252,11,99.0,85.0,151.0,2276.0,81.0,5.0,29.0,53.0,13337
11/5/26 20:24,37.963305,23.78091,252,11,60.0,84.0,94.0,2494.0,89.0,35.0,29.0,23.0,13355
11/5/26 20:24,37.963615,23.782223,254,11,72.0,84.0,122.0,2402.0,86.0,17.0,29.0,38.0,13398
11/5/26 20:24,37.963912,23.782958,253,12,77.0,84.0,127.0,2418.0,86.0,15.0,29.0,41.0,13329
11/5/26 20:24,37.964557,23.784007,258,11,48.0,84.0,90.0,2098.0,75.0,28.0,29.0,30.0,13385
11/5/26 20:24,37.964838,23.784618,260,12,80.0,83.0,134.0,2027.0,72.0,7.0,29.0,49.0,13390
11/5/26 20:24,37.964838,23.784618,260,12,80.0,83.0,134.0,2027.0,72.0,7.0,29.0,49.0,13390
11/5/26 20:24,37.964905,23.785078,263,12,99.0,83.0,164.0,2058.0,73.0,2.0,29.0,50.0,13325
11/5/26 20:24,37.964905,23.785078,263,12,99.0,83.0,164.0,2058.0,73.0,2.0,29.0,50.0,13325
11/5/26 20:24,37.964965,23.785772,264,12,97.0,84.0,165.0,2162.0,77.0,3.0,29.0,50.0,13387
11/5/26 20:24,37.964965,23.785772,264,12,97.0,84.0,165.0,2162.0,77.0,3.0,29.0,50.0,13387
11/5/26 20:24,37.964887,23.787035,271,12,69.0,85.0,120.0,2302.0,82.0,19.0,30.0,35.0,13360
11/5/26 20:24,37.964888,23.78782,270,12,61.0,85.0,111.0,2331.0,83.0,23.0,30.0,31.0,13406
11/5/26 20:24,37.965125,23.788553,276,11,53.0,85.0,100.0,2308.0,82.0,27.0,30.0,28.0,13384
11/5/26 20:24,37.965517,23.789173,278,11,53.0,85.0,100.0,2263.0,81.0,26.0,29.0,28.0,13384
11/5/26 20:25,37.965988,23.789658,280,12,41.0,84.0,84.0,2207.0,79.0,37.0,29.0,23.0,13378
11/5/26 20:25,37.966338,23.789873,282,12,51.0,84.0,97.0,2178.0,78.0,28.0,29.0,25.0,13381
11/5/26 20:25,37.9671,23.790085,288,12,43.0,84.0,85.0,2184.0,78.0,35.0,29.0,24.0,13224
11/5/26 20:25,37.968022,23.790302,295,12,40.0,84.0,80.0,2204.0,78.0,37.0,28.0,23.0,13388
11/5/26 20:25,37.969087,23.790542,295,12,47.0,83.0,91.0,2159.0,77.0,32.0,28.0,25.0,13348
11/5/26 20:25,37.969837,23.790997,295,12,46.0,83.0,89.0,2223.0,79.0,33.0,28.0,25.0,13394
11/5/26 20:25,37.97039,23.791685,295,12,26.0,83.0,54.0,2303.0,82.0,45.0,28.0,20.0,13387
11/5/26 20:25,37.971033,23.792723,292,13,12.0,83.0,22.0,2335.0,83.0,31.0,28.0,16.0,13360
11/5/26 20:25,37.971707,23.793658,293,13,9.0,82.0,17.0,2387.0,85.0,26.0,29.0,15.0,13384
11/5/26 20:25,37.972068,23.793935,293,13,8.0,81.0,17.0,2369.0,84.0,25.0,29.0,15.0,13371
11/5/26 20:25,37.972433,23.79414,292,13,9.0,81.0,17.0,2323.0,83.0,25.0,29.0,15.0,13384
11/5/26 20:25,37.97345,23.794563,289,12,23.0,81.0,32.0,2147.0,77.0,40.0,29.0,19.0,13388
11/5/26 20:25,37.97375,23.794843,293,12,38.0,81.0,72.0,2092.0,75.0,38.0,29.0,25.0,13388
11/5/26 20:25,37.974393,23.795642,302,12,57.0,81.0,105.0,2067.0,74.0,23.0,28.0,29.0,13390
11/5/26 20:25,37.975078,23.796385,303,12,58.0,83.0,106.0,2116.0,75.0,23.0,28.0,29.0,13396
11/5/26 20:26,37.975878,23.797072,306,12,29.0,84.0,54.0,2053.0,73.0,43.0,27.0,21.0,13390
11/5/26 20:26,37.976253,23.79762,304,12,22.0,84.0,32.0,1905.0,68.0,39.0,27.0,18.0,13390
11/5/26 20:26,37.976538,23.798195,296,12,19.0,84.0,26.0,1732.0,62.0,34.0,28.0,16.0,13386
11/5/26 20:26,37.976703,23.799117,299,12,0.0,84.0,18.0,1369.0,49.0,26.0,28.0,13.0,13355
11/5/26 20:26,37.976845,23.799718,299,12,24.0,83.0,25.0,1039.0,38.0,13.0,29.0,14.0,13320
11/5/26 20:26,37.976947,23.800122,295,12,34.0,83.0,30.0,844.0,18.0,7.0,29.0,14.0,13293
11/5/26 20:26,37.976998,23.800233,293,12,35.0,83.0,30.0,772.0,0.0,8.0,29.0,14.0,13285
11/5/26 20:26,37.97701,23.800267,293,11,38.0,83.0,31.0,747.0,0.0,7.0,29.0,14.0,13311
11/5/26 20:26,37.977047,23.800312,293,11,38.0,83.0,31.0,750.0,0.0,7.0,29.0,14.0,13305
11/5/26 20:26,37.977005,23.800358,292,10,38.0,83.0,31.0,749.0,0.0,8.0,29.0,14.0,13287
11/5/26 20:26,37.977002,23.800368,290,10,38.0,83.0,31.0,746.0,0.0,8.0,30.0,14.0,13312
11/5/26 20:26,37.976978,23.800388,289,10,39.0,83.0,31.0,748.0,0.0,7.0,30.0,14.0,13290
11/5/26 20:26,37.977007,23.800482,287,10,39.0,83.0,31.0,742.0,0.0,7.0,30.0,14.0,13308
11/5/26 20:26,37.976995,23.800423,285,9,38.0,83.0,31.0,750.0,0.0,7.0,30.0,14.0,13292
11/5/26 20:26,37.976962,23.800355,285,9,37.0,83.0,31.0,755.0,0.0,5.0,30.0,14.0,13297
11/5/26 20:26,37.977002,23.80029,279,9,27.0,83.0,51.0,2001.0,14.0,18.0,29.0,18.0,13394
11/5/26 20:26,37.977065,23.800398,280,10,56.0,83.0,108.0,1684.0,21.0,11.0,28.0,31.0,13355
11/5/26 20:26,37.977107,23.800602,283,10,23.0,83.0,27.0,1959.0,31.0,37.0,28.0,20.0,13379
11/5/26 20:27,37.97732,23.801093,283,10,70.0,83.0,117.0,2585.0,46.0,23.0,27.0,34.0,13380
11/5/26 20:27,37.977495,23.801495,283,10,51.0,83.0,108.0,2183.0,52.0,15.0,27.0,30.0,13332
11/5/26 20:27,37.977963,23.802602,287,11,53.0,83.0,101.0,2557.0,61.0,30.0,28.0,29.0,13423
11/5/26 20:27,37.978437,23.803648,288,11,20.0,84.0,56.0,2769.0,67.0,254.0,28.0,13.0,13435
11/5/26 20:27,37.979012,23.804683,295,11,60.0,84.0,109.0,2381.0,71.0,24.0,28.0,31.0,13445
11/5/26 20:27,37.979767,23.805925,290,5,55.0,84.0,104.0,2522.0,75.0,28.0,28.0,30.0,13497
11/5/26 20:27,37.980155,23.805938,288,6,52.0,84.0,100.0,2586.0,77.0,31.0,28.0,29.0,13345
11/5/26 20:27,37.980602,23.806078,286,8,51.0,84.0,99.0,2610.0,78.0,32.0,28.0,29.0,13443
11/5/26 20:27,37.981427,23.806348,285,11,44.0,84.0,89.0,2632.0,79.0,38.0,27.0,26.0,12777
11/5/26 20:27,37.982418,23.806667,287,10,44.0,83.0,90.0,2629.0,79.0,38.0,27.0,26.0,12976
11/5/26 20:27,37.983172,23.806953,284,10,52.0,83.0,100.0,2651.0,79.0,32.0,27.0,29.0,12923
11/5/26 20:27,37.983693,23.807358,283,10,50.0,83.0,98.0,2675.0,80.0,33.0,27.0,29.0,13413
11/5/26 20:27,37.984133,23.807875,282,9,50.0,83.0,99.0,2696.0,81.0,33.0,27.0,29.0,13391
11/5/26 20:27,37.984475,23.808508,293,10,50.0,83.0,99.0,2745.0,82.0,33.0,27.0,29.0,13388
11/5/26 20:28,37.984882,23.80971,306,10,69.0,83.0,119.0,2425.0,86.0,20.0,27.0,35.0,13361
11/5/26 20:28,37.985323,23.810973,314,10,45.0,84.0,90.0,2542.0,91.0,36.0,27.0,26.0,13394
11/5/26 20:28,37.985795,23.811955,316,10,47.0,84.0,93.0,2562.0,91.0,36.0,28.0,25.0,13352
11/5/26 20:28,37.986252,23.812612,314,12,42.0,84.0,86.0,2551.0,91.0,39.0,27.0,25.0,13334
11/5/26 20:28,37.986815,23.81313,314,12,44.0,84.0,89.0,2545.0,91.0,37.0,27.0,26.0,13456
11/5/26 20:28,37.987428,23.813482,312,12,56.0,84.0,104.0,2584.0,92.0,28.0,27.0,30.0,13368
11/5/26 20:28,37.988352,23.813658,311,12,45.0,83.0,91.0,2655.0,95.0,38.0,27.0,26.0,13375
11/5/26 20:28,37.989293,23.813782,316,11,34.0,83.0,72.0,2641.0,94.0,43.0,27.0,24.0,13373
11/5/26 20:28,37.989973,23.813988,318,11,45.0,83.0,92.0,2592.0,92.0,35.0,27.0,27.0,13377
11/5/26 20:28,37.990588,23.814362,321,12,43.0,83.0,88.0,2569.0,92.0,39.0,27.0,24.0,13352
11/5/26 20:28,37.991412,23.814985,325,9,57.0,83.0,106.0,2472.0,88.0,26.0,27.0,30.0,12628
11/5/26 20:28,37.991565,23.815865,325,8,58.0,83.0,108.0,2473.0,88.0,26.0,27.0,30.0,13258
11/5/26 20:28,37.991472,23.816068,326,9,59.0,83.0,108.0,2463.0,88.0,26.0,27.0,30.0,13405
11/5/26 20:28,37.991535,23.816557,328,4,59.0,83.0,108.0,2466.0,88.0,26.0,27.0,30.0,13405
11/5/26 20:28,37.991783,23.817875,334,8,61.0,83.0,110.0,2454.0,88.0,25.0,27.0,31.0,13365
11/5/26 20:28,37.992132,23.819233,349,10,70.0,84.0,118.0,2538.0,90.0,21.0,27.0,35.0,13371
11/5/26 20:28,37.992587,23.820242,355,10,67.0,84.0,117.0,2595.0,92.0,24.0,28.0,34.0,13313
11/5/26 20:29,37.993163,23.821237,361,10,53.0,84.0,102.0,2673.0,95.0,31.0,28.0,30.0,13277
11/5/26 20:29,37.993163,23.821237,361,10,53.0,84.0,102.0,2673.0,95.0,31.0,28.0,30.0,13277
11/5/26 20:29,37.993875,23.82204,366,5,48.0,84.0,96.0,2717.0,97.0,35.0,28.0,28.0,13416
11/5/26 20:29,37.995435,23.823845,323,5,35.0,83.0,76.0,2922.0,104.0,45.0,28.0,25.0,13398
11/5/26 20:29,37.998582,23.828143,373,5,9.0,81.0,18.0,2894.0,103.0,26.0,28.0,17.0,13309
11/5/26 20:30,38.006117,23.837112,288,6,14.0,81.0,24.0,2847.0,101.0,33.0,28.0,19.0,13334
11/5/26 20:30,38.007048,23.836988,282,5,0.0,81.0,17.0,2840.0,101.0,26.0,28.0,16.0,13338
11/5/26 20:30,38.007292,23.83695,280,3,0.0,81.0,19.0,2766.0,99.0,28.0,28.0,16.0,13336
11/5/26 20:30,38.007292,23.83695,280,0,0.0,81.0,19.0,2725.0,97.0,28.0,28.0,16.0,13256
11/5/26 20:30,38.009442,23.83945,259,4,39.0,81.0,80.0,2661.0,95.0,42.0,27.0,25.0,13353
11/5/26 20:30,38.009202,23.840618,279,7,17.0,82.0,27.0,2718.0,96.0,35.0,27.0,19.0,13289
11/5/26 20:30,38.009123,23.841492,282,9,22.0,82.0,35.0,2700.0,96.0,41.0,27.0,21.0,13328
11/5/26 20:30,38.008903,23.842065,281,10,36.0,82.0,76.0,2731.0,97.0,44.0,27.0,25.0,13360
11/5/26 20:30,38.008642,23.842578,280,10,35.0,82.0,75.0,2779.0,99.0,44.0,27.0,25.0,13341
11/5/26 20:30,38.007897,23.843422,272,8,33.0,83.0,71.0,2817.0,100.0,45.0,27.0,24.0,13298
11/5/26 20:30,38.007262,23.843572,263,9,32.0,83.0,59.0,2748.0,98.0,44.0,27.0,25.0,13288
11/5/26 20:30,38.006318,23.843877,260,9,40.0,83.0,83.0,2662.0,95.0,41.0,27.0,25.0,13312
11/5/26 20:30,38.005408,23.844192,259,8,41.0,83.0,84.0,2583.0,92.0,39.0,27.0,25.0,13328
11/5/26 20:30,38.004937,23.844378,254,8,41.0,83.0,85.0,2554.0,91.0,39.0,27.0,25.0,13287
11/5/26 20:31,38.004102,23.844947,250,7,23.0,83.0,40.0,2512.0,90.0,43.0,27.0,20.0,13310
11/5/26 20:31,38.003207,23.845682,244,8,41.0,84.0,85.0,2494.0,89.0,38.0,27.0,25.0,13290
11/5/26 20:31,38.00262,23.84601,242,11,29.0,83.0,59.0,2533.0,90.0,44.0,26.0,22.0,13303
11/5/26 20:31,38.00219,23.846092,242,12,29.0,83.0,60.0,2556.0,91.0,44.0,26.0,23.0,13367
11/5/26 20:31,38.001743,23.846003,238,12,8.0,83.0,18.0,2567.0,92.0,19.0,27.0,15.0,13323
11/5/26 20:31,38.00085,23.845658,231,9,21.0,83.0,32.0,2557.0,91.0,41.0,27.0,20.0,13342
11/5/26 20:31,38.000178,23.84534,225,8,44.0,83.0,89.0,2605.0,93.0,37.0,27.0,26.0,13347
11/5/26 20:31,37.999207,23.84469,226,5,25.0,82.0,44.0,2744.0,98.0,44.0,27.0,21.0,13284
11/5/26 20:31,37.999305,23.844138,224,4,25.0,82.0,44.0,2764.0,99.0,44.0,26.0,21.0,13279
11/5/26 20:31,37.999043,23.843682,222,4,7.0,82.0,16.0,2784.0,99.0,25.0,27.0,15.0,13413
11/5/26 20:31,37.999043,23.843682,222,4,0.0,82.0,18.0,2790.0,99.0,26.0,27.0,16.0,13397
11/5/26 20:31,37.99885,23.843738,221,7,0.0,82.0,19.0,2792.0,99.0,28.0,27.0,16.0,13308
11/5/26 20:31,37.998455,23.843685,219,8,0.0,82.0,19.0,2794.0,100.0,27.0,27.0,16.0,13318
11/5/26 20:31,37.9982,23.84369,219,8,0.0,81.0,19.0,2796.0,100.0,28.0,27.0,16.0,13245
11/5/26 20:31,37.997952,23.843747,219,10,0.0,81.0,19.0,2798.0,100.0,27.0,27.0,16.0,13318
11/5/26 20:31,37.997713,23.843843,219,11,0.0,81.0,19.0,2802.0,100.0,27.0,27.0,16.0,13337
11/5/26 20:31,37.997493,23.843982,218,11,0.0,81.0,19.0,2805.0,100.0,28.0,27.0,16.0,13272
11/5/26 20:31,37.997265,23.844137,218,11,0.0,81.0,19.0,2807.0,100.0,27.0,27.0,16.0,13353
11/5/26 20:31,37.997043,23.844307,217,11,0.0,81.0,19.0,2809.0,100.0,27.0,28.0,16.0,13333
11/5/26 20:31,37.996823,23.844488,215,11,0.0,81.0,19.0,2813.0,100.0,27.0,28.0,16.0,13303
11/5/26 20:31,37.996528,23.844917,212,10,7.0,81.0,16.0,2827.0,101.0,25.0,28.0,15.0,13346
11/5/26 20:31,37.996528,23.844917,212,10,7.0,81.0,16.0,2827.0,101.0,25.0,28.0,15.0,13346
11/5/26 20:31,37.996438,23.845177,211,9,7.0,80.0,15.0,2827.0,101.0,25.0,28.0,15.0,13376
11/5/26 20:31,37.996408,23.845558,210,9,0.0,80.0,18.0,2829.0,101.0,26.0,28.0,16.0,13379
11/5/26 20:31,37.99638,23.845945,209,8,0.0,80.0,19.0,2834.0,101.0,27.0,28.0,16.0,13366
11/5/26 20:31,37.996405,23.846365,210,9,8.0,80.0,16.0,2845.0,101.0,25.0,28.0,16.0,13355
11/5/26 20:31,37.9965,23.847028,207,9,18.0,80.0,28.0,2892.0,103.0,38.0,28.0,20.0,13350
11/5/26 20:31,37.996665,23.84772,204,7,20.0,80.0,32.0,2949.0,105.0,39.0,28.0,21.0,13339
11/5/26 20:31,37.997005,23.849032,201,8,23.0,80.0,39.0,3046.0,109.0,42.0,27.0,22.0,13311
11/5/26 20:31,37.997275,23.85031,198,9,23.0,81.0,38.0,3097.0,110.0,41.0,27.0,22.0,13326
11/5/26 20:31,37.997508,23.851705,194,10,22.0,81.0,38.0,3083.0,110.0,42.0,27.0,21.0,13299
11/5/26 20:32,37.997605,23.853095,190,11,33.0,81.0,72.0,3079.0,110.0,46.0,27.0,25.0,13279
11/5/26 20:32,37.997597,23.854517,187,12,33.0,82.0,73.0,3109.0,111.0,46.0,27.0,25.0,13280
11/5/26 20:32,37.997447,23.85593,181,12,16.0,82.0,27.0,3148.0,112.0,37.0,27.0,20.0,12642
11/5/26 20:32,37.997267,23.857365,177,12,16.0,82.0,27.0,3115.0,111.0,36.0,27.0,20.0,12901
11/5/26 20:32,37.997085,23.858728,177,11,17.0,82.0,28.0,2989.0,107.0,37.0,27.0,20.0,12729
11/5/26 20:32,37.996903,23.86008,175,11,21.0,82.0,34.0,2909.0,104.0,40.0,27.0,20.0,13036
11/5/26 20:32,37.996745,23.861372,172,12,25.0,82.0,45.0,2860.0,102.0,45.0,27.0,21.0,13296
11/5/26 20:32,37.996568,23.86268,168,12,27.0,82.0,48.0,2840.0,101.0,47.0,27.0,22.0,13289
11/5/26 20:32,37.996415,23.863927,169,12,36.0,82.0,76.0,2789.0,99.0,44.0,27.0,25.0,13301
11/5/26 20:32,37.996222,23.865157,172,11,36.0,82.0,76.0,2792.0,100.0,44.0,27.0,25.0,13290
11/5/26 20:32,37.996082,23.86642,183,11,36.0,83.0,78.0,2795.0,100.0,44.0,27.0,25.0,13266
11/5/26 20:32,37.995932,23.867672,190,11,43.0,83.0,89.0,2805.0,100.0,40.0,27.0,26.0,13218
11/5/26 20:32,37.995707,23.868942,192,11,43.0,83.0,88.0,2848.0,102.0,41.0,27.0,26.0,13238
11/5/26 20:32,37.995347,23.870122,195,9,40.0,83.0,84.0,2883.0,103.0,43.0,27.0,25.0,13305
11/5/26 20:32,37.994925,23.871283,199,10,28.0,83.0,58.0,2885.0,103.0,47.0,27.0,23.0,13363
11/5/26 20:33,37.994588,23.872522,200,10,35.0,83.0,75.0,2856.0,102.0,44.0,27.0,26.0,13346
11/5/26 20:33,37.994408,23.873797,196,10,55.0,83.0,105.0,2937.0,105.0,33.0,27.0,30.0,12987
11/5/26 20:33,37.994367,23.874413,195,10,54.0,83.0,104.0,2993.0,107.0,34.0,27.0,30.0,13199
11/5/26 20:33,37.994552,23.87579,191,11,46.0,83.0,95.0,3082.0,110.0,42.0,27.0,27.0,13167
11/5/26 20:33,37.994842,23.877187,184,12,43.0,83.0,88.0,3122.0,111.0,43.0,27.0,27.0,13399
11/5/26 20:33,37.9951,23.878512,177,12,42.0,83.0,86.0,3178.0,113.0,43.0,27.0,27.0,13085
11/5/26 20:33,37.995182,23.87993,174,12,41.0,83.0,86.0,3227.0,115.0,44.0,27.0,27.0,13295
11/5/26 20:33,37.995098,23.881418,176,12,40.0,83.0,84.0,3276.0,117.0,44.0,27.0,27.0,13345
11/5/26 20:33,37.99479,23.88288,173,12,32.0,83.0,74.0,3321.0,119.0,46.0,27.0,26.0,13201
11/5/26 20:33,37.994425,23.884292,163,12,32.0,82.0,75.0,3334.0,119.0,46.0,27.0,26.0,13305
11/5/26 20:33,37.994,23.885712,159,12,29.0,82.0,68.0,3338.0,119.0,47.0,27.0,25.0,13415
11/5/26 20:33,37.993572,23.887123,159,12,25.0,82.0,48.0,3312.0,118.0,46.0,27.0,23.0,13388
11/5/26 20:33,37.993188,23.888167,160,12,31.0,82.0,72.0,3302.0,118.0,46.0,27.0,26.0,13334
11/5/26 20:33,37.992757,23.889548,161,12,31.0,82.0,71.0,3327.0,119.0,46.0,27.0,26.0,13338
11/5/26 20:33,37.99245,23.890628,159,12,30.0,82.0,69.0,3325.0,119.0,46.0,27.0,25.0,13420
11/5/26 20:33,37.992215,23.891737,157,12,30.0,82.0,71.0,3311.0,118.0,46.0,27.0,25.0,13381
11/5/26 20:34,37.992035,23.893232,153,12,34.0,82.0,74.0,3292.0,117.0,45.0,27.0,27.0,13389
11/5/26 20:34,37.992072,23.89471,161,12,35.0,82.0,79.0,3280.0,117.0,45.0,27.0,26.0,13386
11/5/26 20:34,37.992297,23.896102,162,12,36.0,82.0,79.0,3271.0,117.0,45.0,27.0,25.0,13417
11/5/26 20:34,37.992482,23.897588,157,12,36.0,83.0,78.0,3269.0,117.0,45.0,27.0,26.0,13130
11/5/26 20:34,37.992667,23.899045,154,12,23.0,83.0,44.0,3256.0,116.0,44.0,27.0,22.0,12739
11/5/26 20:34,37.99283,23.900512,145,11,36.0,83.0,80.0,3249.0,116.0,45.0,27.0,26.0,12832
11/5/26 20:34,37.992888,23.901973,139,11,36.0,82.0,79.0,3293.0,117.0,45.0,27.0,26.0,13376
11/5/26 20:34,37.992792,23.903453,133,11,35.0,82.0,78.0,3329.0,119.0,45.0,27.0,26.0,13329
11/5/26 20:34,37.992575,23.904933,127,11,27.0,82.0,65.0,3368.0,120.0,47.0,27.0,23.0,13351
11/5/26 20:34,37.99236,23.906045,126,11,22.0,82.0,41.0,3335.0,119.0,43.0,27.0,22.0,13356
11/5/26 20:34,37.992042,23.907507,128,11,30.0,82.0,71.0,3317.0,118.0,47.0,27.0,25.0,13365
11/5/26 20:34,37.991745,23.90898,128,11,32.0,82.0,73.0,3344.0,119.0,46.0,27.0,26.0,13342
11/5/26 20:34,37.991455,23.910445,128,11,31.0,82.0,72.0,3368.0,120.0,46.0,27.0,26.0,13365
11/5/26 20:34,37.991185,23.911898,126,11,30.0,82.0,71.0,3382.0,121.0,47.0,27.0,25.0,13362
11/5/26 20:34,37.99098,23.913023,123,11,27.0,82.0,63.0,3400.0,121.0,48.0,27.0,23.0,13374
11/5/26 20:34,37.990758,23.914138,122,11,17.0,82.0,33.0,3350.0,120.0,38.0,27.0,20.0,13348
11/5/26 20:35,37.990495,23.915232,124,11,18.0,82.0,32.0,3268.0,117.0,38.0,27.0,21.0,13402
11/5/26 20:35,37.990093,23.91664,126,11,0.0,82.0,19.0,2832.0,101.0,28.0,27.0,16.0,13254
11/5/26 20:35,37.989913,23.917307,124,11,0.0,81.0,19.0,1992.0,71.0,27.0,27.0,14.0,13401
11/5/26 20:35,37.989835,23.917598,123,11,0.0,81.0,20.0,1454.0,52.0,27.0,28.0,14.0,13394
11/5/26 20:35,37.989765,23.917848,123,11,0.0,81.0,20.0,1454.0,52.0,27.0,28.0,14.0,13258
11/5/26 20:35,37.989715,23.918047,122,11,45.0,81.0,36.0,741.0,27.0,14.0,28.0,15.0,13006
11/5/26 20:35,37.989687,23.918192,121,11,61.0,81.0,50.0,746.0,26.0,17.0,28.0,18.0,13123
11/5/26 20:35,37.98968,23.91829,120,11,71.0,81.0,72.0,768.0,28.0,12.0,28.0,19.0,13267
11/5/26 20:35,37.989695,23.918367,119,11,85.0,81.0,89.0,802.0,29.0,4.0,28.0,22.0,13311
11/5/26 20:35,37.989728,23.918427,119,11,87.0,82.0,91.0,836.0,30.0,5.0,28.0,21.0,13321
11/5/26 20:35,37.989778,23.918488,119,11,87.0,82.0,91.0,852.0,30.0,5.0,28.0,23.0,13323
11/5/26 20:35,37.989907,23.918585,118,11,99.0,82.0,107.0,1090.0,33.0,2.0,28.0,38.0,13246
11/5/26 20:35,37.99037,23.918878,116,11,100.0,84.0,157.0,1551.0,47.0,253.0,28.0,42.0,13413
11/5/26 20:35,37.990777,23.919172,118,11,79.0,85.0,149.0,1934.0,58.0,7.0,28.0,23.0,13313
11/5/26 20:35,37.991628,23.919823,123,11,10.0,86.0,21.0,2106.0,63.0,29.0,28.0,15.0,13418
11/5/26 20:35,37.99193,23.919967,124,11,0.0,85.0,18.0,1939.0,58.0,26.0,28.0,14.0,13367
11/5/26 20:35,37.992517,23.920088,125,11,80.0,84.0,136.0,1988.0,59.0,8.0,28.0,44.0,13383
11/5/26 20:35,37.992938,23.920212,126,11,63.0,83.0,112.0,2213.0,66.0,22.0,28.0,30.0,13321
11/5/26 20:35,37.993827,23.920752,128,11,79.0,83.0,133.0,2416.0,72.0,12.0,28.0,41.0,13421
11/5/26 20:35,37.994652,23.921247,128,11,13.0,83.0,22.0,2473.0,74.0,26.0,28.0,18.0,13339
11/5/26 20:35,37.995088,23.921658,128,11,23.0,83.0,58.0,2452.0,73.0,43.0,28.0,19.0,13341
11/5/26 20:36,37.99571,23.922503,129,11,10.0,83.0,20.0,2308.0,69.0,27.0,28.0,15.0,13328
11/5/26 20:36,37.996362,23.923107,128,11,0.0,82.0,19.0,1727.0,52.0,27.0,28.0,14.0,13394
11/5/26 20:36,37.996652,23.923348,130,11,35.0,82.0,30.0,811.0,30.0,6.0,28.0,14.0,13007
11/5/26 20:36,37.996777,23.923433,132,11,36.0,82.0,30.0,803.0,26.0,7.0,28.0,14.0,13333
11/5/26 20:36,37.996907,23.92352,131,11,37.0,82.0,31.0,788.0,12.0,9.0,29.0,14.0,13290
11/5/26 20:36,37.996982,23.923548,131,11,36.0,83.0,30.0,798.0,4.0,6.0,29.0,14.0,13279
11/5/26 20:36,37.99705,23.923527,134,11,25.0,84.0,30.0,1357.0,10.0,31.0,29.0,16.0,13380
11/5/26 20:36,37.997105,23.923558,136,11,38.0,84.0,48.0,1301.0,9.0,18.0,29.0,20.0,13357
11/5/26 20:36,37.997143,23.923575,138,11,38.0,84.0,75.0,2068.0,14.0,39.0,29.0,23.0,13330
11/5/26 20:36,37.997252,23.923568,141,11,59.0,84.0,104.0,1441.0,18.0,6.0,28.0,27.0,13344
11/5/26 20:36,37.997333,23.923577,144,11,11.0,83.0,20.0,1338.0,20.0,26.0,28.0,12.0,13425
11/5/26 20:36,37.99739,23.923625,146,11,21.0,84.0,24.0,1144.0,21.0,13.0,28.0,14.0,13250
11/5/26 20:36,37.997433,23.92373,147,11,23.0,84.0,25.0,1071.0,19.0,12.0,28.0,14.0,12656
11/5/26 20:36,37.997423,23.923788,148,11,29.0,84.0,28.0,956.0,17.0,10.0,28.0,14.0,12576
11/5/26 20:36,37.997385,23.923885,148,11,34.0,84.0,30.0,829.0,2.0,6.0,29.0,14.0,13297
11/5/26 20:38,37.997432,23.92414,148,14,38.0,86.0,32.0,737.0,0.0,8.0,30.0,14.0,13407
11/5/26 20:38,37.997432,23.92414,148,14,37.0,86.0,31.0,745.0,0.0,8.0,30.0,14.0,13310
11/5/26 20:39,37.997447,23.92419,146,14,21.0,87.0,36.0,2124.0,15.0,246.0,30.0,13.0,13508
11/5/26 20:39,37.997457,23.9244,145,14,5.0,88.0,19.0,1926.0,28.0,27.0,30.0,13.0,13492
11/5/26 20:39,37.99747,23.92467,142,14,57.0,88.0,103.0,2121.0,38.0,32.0,30.0,22.0,13497
11/5/26 20:39,37.997523,23.925192,140,14,45.0,88.0,88.0,1935.0,46.0,34.0,30.0,24.0,13499
11/5/26 20:39,37.997617,23.926313,137,14,53.0,88.0,99.0,1838.0,55.0,25.0,30.0,26.0,13492
11/5/26 20:39,37.997688,23.927607,135,14,49.0,87.0,95.0,2154.0,64.0,29.0,30.0,25.0,13494
11/5/26 20:39,37.997823,23.928918,130,14,35.0,85.0,71.0,2360.0,71.0,41.0,29.0,24.0,13388
11/5/26 20:39,37.998003,23.930293,125,14,99.0,84.0,159.0,2384.0,85.0,5.0,30.0,53.0,13504
11/5/26 20:39,37.998225,23.931045,121,13,55.0,83.0,105.0,2643.0,94.0,29.0,30.0,30.0,13507
11/5/26 20:39,37.998593,23.932195,117,13,43.0,83.0,90.0,2820.0,101.0,40.0,30.0,27.0,13421
11/5/26 20:39,37.998975,23.93338,115,13,36.0,82.0,78.0,2850.0,102.0,44.0,30.0,25.0,13501
11/5/26 20:39,37.999348,23.93454,114,13,37.0,81.0,79.0,2805.0,100.0,44.0,30.0,25.0,13509
11/5/26 20:40,37.99983,23.935633,113,13,9.0,81.0,18.0,2718.0,96.0,30.0,30.0,18.0,13512
11/5/26 20:40,38.000347,23.936665,116,12,27.0,81.0,51.0,2697.0,96.0,47.0,30.0,22.0,13506
11/5/26 20:40,38.000815,23.937712,118,12,0.0,81.0,19.0,2420.0,86.0,27.0,30.0,16.0,13479
11/5/26 20:40,38.001148,23.938402,113,13,0.0,81.0,19.0,2105.0,75.0,27.0,30.0,15.0,13473
11/5/26 20:40,38.001382,23.93902,113,13,0.0,81.0,19.0,1813.0,65.0,27.0,31.0,14.0,13473
11/5/26 20:40,38.00156,23.939587,114,13,0.0,81.0,19.0,1524.0,54.0,27.0,31.0,14.0,13473
11/5/26 20:40,38.001685,23.94005,113,14,15.0,81.0,21.0,1192.0,43.0,5.0,31.0,14.0,13407
11/5/26 20:40,38.001765,23.940433,110,13,41.0,81.0,30.0,832.0,30.0,23.0,31.0,15.0,13325
11/5/26 20:40,38.001833,23.940687,109,13,32.0,82.0,31.0,874.0,14.0,2.0,31.0,15.0,13410
11/5/26 20:40,38.001837,23.94077,106,12,35.0,82.0,31.0,817.0,9.0,5.0,31.0,14.0,13485
11/5/26 20:40,38.001795,23.940812,104,13,35.0,82.0,30.0,810.0,4.0,6.0,32.0,14.0,13340
11/5/26 20:40,38.001773,23.940808,101,13,36.0,83.0,30.0,779.0,3.0,6.0,32.0,14.0,13356
11/5/26 20:40,38.00176,23.940808,99,12,37.0,83.0,30.0,753.0,2.0,6.0,32.0,14.0,13370
11/5/26 20:40,38.001872,23.940878,100,12,54.0,84.0,100.0,1776.0,22.0,23.0,31.0,26.0,13499
11/5/26 20:40,38.001915,23.941078,102,12,98.0,84.0,147.0,1860.0,33.0,2.0,31.0,49.0,13448
11/5/26 20:40,38.001963,23.941275,103,12,6.0,84.0,22.0,2162.0,44.0,27.0,30.0,14.0,13512
11/5/26 20:40,38.002042,23.941577,106,12,62.0,84.0,111.0,2102.0,51.0,21.0,30.0,26.0,13452
11/5/26 20:41,38.002467,23.942663,104,13,8.0,84.0,18.0,1940.0,47.0,22.0,30.0,14.0,13527
11/5/26 20:41,38.002692,23.943488,102,14,4.0,83.0,18.0,1989.0,58.0,28.0,30.0,15.0,13544
11/5/26 20:41,38.002927,23.94418,102,13,63.0,83.0,113.0,2196.0,66.0,21.0,30.0,31.0,13476
11/5/26 20:41,38.003245,23.944992,98,14,76.0,84.0,124.0,2596.0,78.0,18.0,30.0,36.0,13455
11/5/26 20:41,38.003522,23.945912,97,14,40.0,84.0,83.0,2415.0,86.0,38.0,30.0,24.0,13436
11/5/26 20:41,38.003863,23.947225,96,14,38.0,85.0,81.0,2563.0,91.0,41.0,30.0,24.0,13426
11/5/26 20:41,38.004228,23.948303,90,14,0.0,84.0,19.0,2584.0,92.0,27.0,30.0,16.0,13150
11/5/26 20:41,38.004553,23.9494,91,14,19.0,83.0,28.0,2531.0,90.0,38.0,30.0,19.0,13008
11/5/26 20:41,38.004888,23.950462,87,14,0.0,82.0,18.0,2530.0,90.0,27.0,30.0,16.0,13451
11/5/26 20:41,38.005213,23.951538,80,14,0.0,81.0,19.0,2408.0,86.0,27.0,31.0,16.0,13419
11/5/26 20:41,38.00541,23.952552,74,14,0.0,81.0,19.0,2015.0,72.0,27.0,31.0,15.0,13441
11/5/26 20:41,38.005603,23.953873,71,14,43.0,81.0,85.0,2155.0,77.0,36.0,31.0,24.0,13443
11/5/26 20:41,38.005855,23.954502,72,14,21.0,81.0,30.0,2248.0,80.0,38.0,30.0,19.0,13527
11/5/26 20:42,38.006403,23.955627,69,12,31.0,82.0,58.0,2332.0,83.0,44.0,30.0,23.0,13469
11/5/26 20:42,38.006615,23.956348,68,11,28.0,82.0,54.0,2379.0,85.0,45.0,30.0,21.0,13499
11/5/26 20:42,38.006828,23.957643,73,11,48.0,83.0,93.0,2269.0,81.0,27.0,30.0,34.0,13510
11/5/26 20:42,38.007212,23.958835,76,11,43.0,83.0,87.0,2441.0,87.0,37.0,29.0,25.0,13454
11/5/26 20:42,38.007782,23.960007,83,14,61.0,84.0,110.0,2472.0,88.0,25.0,29.0,30.0,13508
11/5/26 20:42,38.007912,23.960508,79,14,48.0,84.0,95.0,2578.0,92.0,34.0,29.0,27.0,13536
11/5/26 20:42,38.007995,23.961072,76,14,46.0,84.0,92.0,2666.0,95.0,37.0,29.0,27.0,13513
11/5/26 20:42,38.008038,23.961693,73,14,7.0,84.0,18.0,2700.0,96.0,23.0,29.0,15.0,13494
11/5/26 20:42,38.007853,23.96291,68,14,22.0,83.0,33.0,2519.0,89.0,42.0,29.0,21.0,13494
11/5/26 20:42,38.007813,23.963747,72,14,57.0,82.0,107.0,2623.0,94.0,29.0,30.0,30.0,13244
11/5/26 20:42,38.007908,23.964313,72,14,56.0,82.0,106.0,2729.0,97.0,31.0,29.0,30.0,13516
11/5/26 20:42,38.008075,23.96488,73,14,50.0,82.0,99.0,2835.0,101.0,35.0,29.0,28.0,13504
11/5/26 20:42,38.008608,23.965932,69,13,0.0,82.0,19.0,2738.0,98.0,27.0,29.0,16.0,13493
11/5/26 20:42,38.009053,23.966682,65,12,0.0,82.0,19.0,2451.0,88.0,27.0,29.0,16.0,13492
11/5/26 20:42,38.009438,23.967403,59,12,0.0,81.0,19.0,2189.0,78.0,27.0,30.0,15.0,13486
11/5/26 20:42,38.009853,23.968268,64,12,0.0,81.0,19.0,1967.0,70.0,27.0,30.0,15.0,13393
11/5/26 20:42,38.010117,23.969237,66,12,1.0,81.0,18.0,1329.0,47.0,241.0,31.0,14.0,13480
11/5/26 20:42,38.010183,23.96958,63,12,36.0,81.0,41.0,1335.0,47.0,25.0,31.0,20.0,13478
11/5/26 20:42,38.01018,23.969735,58,12,43.0,81.0,66.0,1393.0,49.0,27.0,31.0,22.0,13473
11/5/26 20:42,38.010158,23.969872,57,14,40.0,81.0,67.0,1457.0,52.0,29.0,30.0,22.0,13175
11/5/26 20:43,38.00985,23.970622,56,13,71.0,82.0,116.0,1712.0,61.0,11.0,30.0,30.0,13392
11/5/26 20:43,38.009678,23.9711,60,13,63.0,83.0,113.0,1857.0,66.0,18.0,29.0,30.0,13486
11/5/26 20:43,38.009492,23.972337,40,13,3.0,84.0,19.0,1327.0,47.0,241.0,29.0,14.0,13475
11/5/26 20:43,38.009338,23.972525,36,13,31.0,84.0,34.0,1266.0,45.0,29.0,30.0,17.0,13311
11/5/26 20:43,38.009243,23.972622,37,12,35.0,84.0,42.0,1281.0,46.0,31.0,30.0,18.0,13232
11/5/26 20:43,38.009135,23.97268,35,12,32.0,84.0,40.0,1298.0,46.0,31.0,30.0,18.0,13317
11/5/26 20:43,38.008787,23.972772,36,12,23.0,84.0,24.0,1051.0,52.0,13.0,30.0,14.0,13243
11/5/26 20:43,38.008407,23.972837,34,12,34.0,84.0,30.0,847.0,47.0,8.0,30.0,14.0,13255
11/5/26 20:43,38.008187,23.972948,32,12,18.0,84.0,44.0,1740.0,42.0,241.0,30.0,13.0,13217
11/5/26 20:43,38.008102,23.973048,30,12,34.0,84.0,34.0,1660.0,40.0,16.0,30.0,18.0,13457
11/5/26 20:43,38.008017,23.973203,31,12,30.0,84.0,50.0,1616.0,39.0,32.0,30.0,19.0,13461
11/5/26 20:43,38.00795,23.97346,30,12,29.0,84.0,54.0,1638.0,39.0,41.0,30.0,20.0,13046
11/5/26 20:43,38.007915,23.973725,30,12,9.0,84.0,20.0,1568.0,38.0,27.0,30.0,13.0,13432
11/5/26 20:43,38.00786,23.973965,33,12,31.0,84.0,30.0,844.0,22.0,6.0,30.0,14.0,13521
11/5/26 20:43,38.007793,23.974173,33,12,35.0,84.0,31.0,797.0,5.0,7.0,30.0,14.0,13357
11/5/26 20:43,38.00777,23.974243,33,12,34.0,84.0,31.0,767.0,1.0,4.0,30.0,14.0,13278
11/5/26 20:43,38.007723,23.974355,34,11,96.0,84.0,143.0,1898.0,34.0,1.0,30.0,49.0,13438
11/5/26 20:43,38.007692,23.974518,35,11,84.0,84.0,135.0,2533.0,46.0,14.0,29.0,47.0,13510
11/5/26 20:43,38.007615,23.974745,37,12,89.0,84.0,139.0,2943.0,53.0,17.0,29.0,56.0,13501
11/5/26 20:43,38.007165,23.975793,59,12,73.0,84.0,124.0,2358.0,57.0,17.0,30.0,36.0,13442
11/5/26 20:44,38.006543,23.976852,69,12,70.0,85.0,121.0,2503.0,60.0,21.0,31.0,35.0,13408
11/5/26 20:44,38.005808,23.977813,80,12,65.0,85.0,116.0,2675.0,64.0,26.0,32.0,33.0,13303
11/5/26 20:44,38.005598,23.978115,85,12,18.0,85.0,45.0,2538.0,60.0,38.0,31.0,26.0,13464
11/5/26 20:44,38.005345,23.978608,89,12,74.0,84.0,123.0,2442.0,59.0,17.0,31.0,36.0,12922
11/5/26 20:44,38.00505,23.97902,90,12,58.0,84.0,107.0,2467.0,59.0,28.0,31.0,27.0,12948
11/5/26 20:44,38.004633,23.979655,94,12,46.0,84.0,91.0,1765.0,42.0,30.0,31.0,25.0,13504
11/5/26 20:44,38.004633,23.979655,94,12,46.0,84.0,91.0,1765.0,42.0,30.0,31.0,25.0,13504
11/5/26 20:44,38.00453,23.979862,91,12,10.0,84.0,37.0,1568.0,41.0,33.0,31.0,13.0,13496
11/5/26 20:44,38.00453,23.979862,91,12,10.0,84.0,37.0,1568.0,41.0,33.0,31.0,13.0,13496
11/5/26 20:44,38.004427,23.980102,91,13,27.0,84.0,27.0,970.0,42.0,9.0,31.0,14.0,13488
11/5/26 20:44,38.004427,23.980102,91,13,27.0,84.0,27.0,970.0,42.0,9.0,31.0,14.0,13488
11/5/26 20:44,38.00431,23.980903,93,13,34.0,85.0,30.0,802.0,49.0,7.0,31.0,14.0,13420
11/5/26 20:44,38.00431,23.980903,93,13,34.0,85.0,30.0,802.0,49.0,7.0,31.0,14.0,13420
11/5/26 20:44,38.003838,23.982042,104,14,34.0,85.0,30.0,795.0,50.0,8.0,31.0,14.0,13434
11/5/26 20:44,38.003442,23.982902,97,14,35.0,85.0,31.0,801.0,39.0,6.0,32.0,14.0,13425
11/5/26 20:44,38.003373,23.98314,95,14,36.0,85.0,30.0,797.0,38.0,7.0,32.0,14.0,13419
11/5/26 20:44,38.003215,23.983585,95,14,35.0,85.0,30.0,805.0,41.0,7.0,32.0,14.0,13423
11/5/26 20:45,38.002883,23.984597,77,12,35.0,85.0,30.0,801.0,49.0,7.0,32.0,14.0,13418
11/5/26 20:45,38.002535,23.985662,83,12,35.0,84.0,30.0,797.0,50.0,7.0,32.0,14.0,13413
11/5/26 20:45,38.00211,23.986822,84,13,34.0,84.0,29.0,792.0,48.0,8.0,32.0,14.0,13440
11/5/26 20:45,38.00174,23.98793,75,13,35.0,83.0,30.0,801.0,48.0,6.0,32.0,14.0,13411
11/5/26 20:45,38.001292,23.989078,72,13,35.0,83.0,30.0,801.0,55.0,6.0,32.0,14.0,13428
11/5/26 20:45,38.000852,23.990235,65,13,36.0,83.0,30.0,794.0,49.0,7.0,32.0,14.0,13393
11/5/26 20:45,38.000483,23.991427,57,13,35.0,83.0,30.0,804.0,50.0,7.0,32.0,14.0,13442
11/5/26 20:45,38.000077,23.992548,42,13,30.0,83.0,46.0,1453.0,52.0,39.0,31.0,18.0,13488
11/5/26 20:46,37.999713,23.993642,51,13,18.0,82.0,24.0,1506.0,54.0,30.0,31.0,15.0,13494
11/5/26 20:46,37.999342,23.99472,57,13,36.0,82.0,30.0,799.0,45.0,7.0,31.0,14.0,13431
11/5/26 20:46,37.99916,23.995375,58,12,34.0,82.0,29.0,804.0,43.0,7.0,32.0,14.0,13434
11/5/26 20:46,37.998907,23.99654,59,12,22.0,82.0,31.0,1827.0,44.0,38.0,31.0,18.0,13464
11/5/26 20:46,37.998893,23.996813,58,12,23.0,82.0,31.0,1878.0,45.0,38.0,31.0,18.0,13463
11/5/26 20:46,37.998863,23.99709,57,12,23.0,82.0,30.0,1908.0,46.0,39.0,31.0,18.0,13471
11/5/26 20:46,37.998892,23.997567,54,12,28.0,82.0,41.0,1944.0,47.0,42.0,31.0,20.0,13468
11/5/26 20:46,37.998862,23.998067,49,12,34.0,82.0,64.0,1923.0,46.0,40.0,30.0,22.0,13531
11/5/26 20:46,37.998773,23.998882,44,12,8.0,82.0,18.0,1957.0,47.0,18.0,30.0,14.0,13467
11/5/26 20:46,37.998678,24.000057,39,13,0.0,82.0,19.0,1812.0,44.0,27.0,31.0,14.0,13512
11/5/26 20:46,37.998648,24.000545,37,13,0.0,81.0,19.0,1624.0,39.0,27.0,31.0,14.0,13514
11/5/26 20:46,37.998587,24.000733,37,13,0.0,81.0,19.0,1518.0,37.0,27.0,31.0,14.0,13451
11/5/26 20:47,37.998123,24.001738,42,13,34.0,81.0,71.0,1737.0,42.0,37.0,30.0,20.0,13527
11/5/26 20:47,37.997917,24.00223,46,13,15.0,82.0,21.0,1730.0,41.0,29.0,30.0,15.0,13425
11/5/26 20:47,37.997872,24.002362,45,13,10.0,82.0,19.0,1717.0,41.0,26.0,30.0,14.0,13479
11/5/26 20:47,37.997838,24.002632,45,13,27.0,83.0,26.0,954.0,35.0,10.0,30.0,14.0,13443
11/5/26 20:47,37.99787,24.0034,46,12,36.0,83.0,30.0,805.0,38.0,5.0,31.0,14.0,13440
11/5/26 20:47,37.998138,24.004588,39,12,35.0,84.0,30.0,807.0,40.0,7.0,31.0,14.0,13420
11/5/26 20:47,37.99835,24.005208,36,11,40.0,84.0,41.0,1300.0,31.0,30.0,31.0,20.0,13242
11/5/26 20:47,37.998532,24.00585,42,12,34.0,84.0,70.0,1806.0,43.0,38.0,30.0,20.0,13499
11/5/26 20:47,37.998867,24.00695,30,12,37.0,84.0,31.0,788.0,46.0,8.0,30.0,14.0,13423
11/5/26 20:47,37.999135,24.007788,28,12,36.0,84.0,31.0,800.0,33.0,6.0,31.0,14.0,13237
11/5/26 20:48,37.999302,24.008525,31,12,40.0,84.0,79.0,1941.0,46.0,37.0,30.0,23.0,13537
11/5/26 20:48,37.999542,24.009735,26,11,20.0,83.0,25.0,2041.0,49.0,36.0,29.0,18.0,13494
11/5/26 20:48,37.999692,24.01087,27,12,49.0,82.0,95.0,1840.0,44.0,30.0,29.0,24.0,13472
11/5/26 20:48,37.999683,24.012153,35,13,27.0,83.0,28.0,927.0,42.0,8.0,29.0,14.0,13505
11/5/26 20:48,37.999593,24.01326,34,12,37.0,84.0,32.0,800.0,35.0,6.0,30.0,14.0,13436
11/5/26 20:48,37.999665,24.014497,29,12,36.0,84.0,30.0,799.0,39.0,6.0,31.0,14.0,13450
11/5/26 20:48,37.999738,24.015677,39,13,36.0,84.0,30.0,798.0,39.0,6.0,31.0,14.0,13445
11/5/26 20:49,37.999675,24.016872,35,12,36.0,84.0,30.0,808.0,37.0,6.0,31.0,14.0,13425
11/5/26 20:49,37.999708,24.017565,39,12,37.0,84.0,30.0,787.0,19.0,10.0,31.0,14.0,13473
11/5/26 20:49,37.999712,24.01771,36,13,93.0,84.0,98.0,1118.0,19.0,9.0,31.0,35.0,13433
11/5/26 20:49,37.99969,24.017747,36,12,92.0,84.0,108.0,1252.0,22.0,2.0,31.0,41.0,13341
11/5/26 20:49,37.999645,24.017765,35,13,96.0,84.0,134.0,1549.0,28.0,0.0,31.0,46.0,13410
11/5/26 20:49,37.99943,24.017802,37,13,16.0,84.0,23.0,1597.0,39.0,255.0,29.0,18.0,13461
11/5/26 20:49,37.998987,24.017875,30,12,39.0,84.0,79.0,1813.0,43.0,36.0,29.0,23.0,13460
11/5/26 20:49,37.99847,24.017997,23,12,34.0,84.0,65.0,2105.0,51.0,41.0,29.0,22.0,13489
11/5/26 20:49,37.99754,24.018217,27,12,25.0,83.0,41.0,2382.0,57.0,44.0,29.0,20.0,13506
11/5/26 20:49,37.996498,24.01843,36,12,24.0,82.0,40.0,2588.0,62.0,43.0,29.0,20.0,13509
11/5/26 20:49,37.995588,24.018673,33,13,0.0,82.0,19.0,2613.0,63.0,27.0,29.0,16.0,13561
11/5/26 20:49,37.99462,24.01886,34,13,12.0,81.0,20.0,2449.0,59.0,29.0,30.0,16.0,13529
11/5/26 20:50,37.99362,24.019103,29,12,0.0,81.0,19.0,2284.0,55.0,27.0,30.0,15.0,13517
11/5/26 20:50,37.993098,24.019223,27,12,0.0,81.0,19.0,2025.0,49.0,27.0,30.0,15.0,13369
11/5/26 20:50,37.992453,24.019408,22,12,5.0,81.0,19.0,1308.0,31.0,241.0,31.0,14.0,13536
11/5/26 20:50,37.992205,24.01951,15,11,32.0,81.0,28.0,912.0,14.0,8.0,31.0,14.0,13409
11/5/26 20:50,37.992132,24.019528,13,13,34.0,81.0,30.0,838.0,4.0,7.0,31.0,14.0,13455
11/5/26 20:50,37.992063,24.019538,10,13,51.0,82.0,100.0,2002.0,25.0,26.0,30.0,26.0,13510
11/5/26 20:50,37.992033,24.019587,10,13,47.0,83.0,90.0,2330.0,29.0,34.0,30.0,25.0,13506
11/5/26 20:50,37.99201,24.019655,9,13,54.0,83.0,103.0,2647.0,33.0,30.0,30.0,29.0,13488
11/5/26 20:50,37.991892,24.019925,11,12,10.0,83.0,20.0,3184.0,43.0,1.0,29.0,17.0,13487
11/5/26 20:50,37.991763,24.020148,10,12,0.0,83.0,19.0,1410.0,42.0,26.0,29.0,14.0,13501
11/5/26 20:50,37.991613,24.02039,8,12,33.0,83.0,28.0,835.0,41.0,8.0,29.0,14.0,13434
11/5/26 20:50,37.991412,24.020502,12,12,37.0,83.0,30.0,788.0,41.0,8.0,29.0,14.0,13408
11/5/26 20:50,37.9911,24.020588,13,11,38.0,83.0,30.0,797.0,40.0,7.0,30.0,14.0,13466
11/5/26 20:50,37.990902,24.020567,9,12,36.0,84.0,30.0,793.0,40.0,7.0,30.0,14.0,13464
11/5/26 20:50,37.990128,24.02049,5,12,37.0,84.0,30.0,801.0,25.0,6.0,31.0,14.0,13397
11/5/26 20:50,37.99007,24.020537,6,12,39.0,84.0,31.0,792.0,23.0,8.0,31.0,14.0,13325
11/5/26 20:50,37.99003,24.020595,8,12,36.0,84.0,31.0,811.0,21.0,5.0,31.0,14.0,13337
11/5/26 20:50,37.99003,24.020595,8,12,36.0,84.0,31.0,811.0,21.0,5.0,31.0,14.0,13337
11/5/26 20:50,37.99001,24.020663,9,12,37.0,84.0,30.0,800.0,19.0,7.0,31.0,14.0,13402
11/5/26 20:50,37.99002,24.020732,10,12,37.0,84.0,30.0,791.0,18.0,9.0,31.0,14.0,13415
11/5/26 20:50,37.990047,24.020788,10,12,37.0,84.0,30.0,793.0,17.0,8.0,31.0,14.0,13410
11/5/26 20:50,37.990113,24.020863,13,12,36.0,84.0,31.0,809.0,14.0,5.0,31.0,14.0,13358
11/5/26 20:51,37.990148,24.020885,13,12,37.0,84.0,30.0,800.0,9.0,7.0,31.0,14.0,13379
11/5/26 20:51,37.990193,24.020898,15,12,37.0,84.0,30.0,790.0,2.0,7.0,31.0,14.0,13384
11/5/26 20:51,37.990222,24.020897,16,12,36.0,84.0,30.0,764.0,0.0,8.0,31.0,14.0,13396
11/5/26 20:52,37.990245,24.020895,18,13,,,,,,,,,12637
11/5/26 20:52,37.990245,24.020895,18,13,,,,,,,,,12599
11/5/26 20:52,37.990245,24.020895,18,13,,,,,,,,,12597
11/5/26 20:52,37.990297,24.020903,13,13,25.0,86.0,40.0,1860.0,13.0,40.0,32.0,18.0,13270
11/5/26 20:52,37.990297,24.020903,13,13,25.0,86.0,40.0,1860.0,13.0,40.0,32.0,18.0,13270
11/5/26 20:52,37.990325,24.020887,12,13,29.0,86.0,43.0,1991.0,14.0,43.0,32.0,20.0,13277
11/5/26 20:52,37.990543,24.02085,9,13,27.0,86.0,41.0,2220.0,27.0,36.0,30.0,20.0,13236
11/5/26 20:52,37.990688,24.020802,9,13,63.0,86.0,109.0,2920.0,36.0,24.0,30.0,26.0,13285
11/5/26 20:52,37.990943,24.02072,7,13,65.0,85.0,114.0,2422.0,43.0,23.0,30.0,32.0,13262
11/5/26 20:52,37.99161,24.02038,2,12,46.0,84.0,87.0,2020.0,48.0,32.0,29.0,27.0,12838
11/5/26 20:52,37.991822,24.020162,0,13,10.0,83.0,25.0,2065.0,51.0,24.0,29.0,14.0,13347
11/5/26 20:52,37.99193,24.020065,0,13,0.0,83.0,18.0,2053.0,49.0,26.0,29.0,14.0,13203
11/5/26 20:52,37.992,24.019935,0,13,0.0,83.0,19.0,1988.0,48.0,27.0,29.0,14.0,13221
11/5/26 20:52,37.992075,24.019647,-1,13,16.0,83.0,25.0,1901.0,46.0,27.0,30.0,18.0,13274
11/5/26 20:52,37.992088,24.019332,-1,13,47.0,83.0,91.0,1980.0,48.0,32.0,30.0,25.0,13287
11/5/26 20:53,37.992025,24.018077,-8,13,35.0,83.0,31.0,799.0,47.0,7.0,30.0,14.0,13266
11/5/26 20:53,37.992135,24.017022,-5,13,39.0,84.0,33.0,793.0,29.0,7.0,31.0,14.0,13232
11/5/26 20:53,37.992128,24.016728,4,13,37.0,84.0,32.0,802.0,16.0,7.0,31.0,14.0,13231
11/5/26 20:53,37.992142,24.016613,7,13,37.0,84.0,32.0,800.0,10.0,7.0,31.0,14.0,13269
11/5/26 20:53,37.992132,24.016552,10,13,37.0,84.0,32.0,798.0,3.0,7.0,31.0,14.0,13281
11/5/26 20:54,37.992108,24.01653,10,14,,,,,,,,,12569
11/5/26 20:55,37.992108,24.01653,10,13,,,,,,,,,12599
11/5/26 20:55,37.992108,24.01653,10,14,,,,,,,,,12575
11/5/26 20:56,37.992108,24.01653,10,15,,,,,,,,,12455
11/5/26 20:57,37.992108,24.01653,10,16,,,,,,,,,12533
11/5/26 20:58,37.992108,24.01653,10,16,,,,,,,,,12477
